Workbook

Sheet DOU1-2
A1: label | B1: category | C1: year | D1: cost | E1: source | F1: comment | G1: comment_n | H1: comment_unitPrice
A2: Mulching | B2: Regeneration | C2: 0 | D2: =(950+1526)/2 -> 1238 | E2: moyenne fed. Expert
A3: Seedlings | B3: Regeneration | C3: 0 | D3: =G3*H3 -> 1040 | E3: moyenne fed. Expert | G3: 2000 | H3: =(0.43+0.61)/2 -> 0.52
A4: Planting | B4: Regeneration | C4: 0 | D4: =G4*H4 -> 929.06667 | E4: arbo plant corrigé pour la différence d'année | G4: 2000 | H4: =0.67*0.52/0.75 -> 0.46453333
A5: Clearing | B5: Regeneration | C5: 3 | D5: =(540+1347)/2 -> 943.5 | E5: moyenne fed. Expert
A6: Pruning | B6: Regeneration | C6: 15 | D6: =(2443+1621)/2 -> 2032

Sheet DOU3
A1: label | B1: category | C1: year | D1: cost | E1: source | F1: comment | G1: comment_n | H1: comment_unitPrice
A2: ='DOU1-2'!A2 -> Mulching | B2: Regeneration | C2: ='DOU1-2'!C2 -> 0 | D2: ='DOU1-2'!D2 -> 1238 | E2: ='DOU1-2'!E2 -> moyenne fed. Expert | F2: same as DOU1-2
A3: ='DOU1-2'!A3 -> Seedlings | B3: Regeneration | C3: ='DOU1-2'!C3 -> 0 | D3: ='DOU1-2'!D3 -> 1040 | E3: ='DOU1-2'!E3 -> moyenne fed. Expert | F3: same as DOU1-2 | G3: ='DOU1-2'!G3 -> 2000 | H3: ='DOU1-2'!H3 -> 0.52
A4: ='DOU1-2'!A4 -> Planting | B4: Regeneration | C4: ='DOU1-2'!C4 -> 0 | D4: ='DOU1-2'!D4 -> 929.06667 | E4: ='DOU1-2'!E4 -> arbo plant corrigé pour la différence d'année | F4: same as DOU1-2 | G4: ='DOU1-2'!G4 -> 2000 | H4: ='DOU1-2'!H4 -> 0.46453333
A5: ='DOU1-2'!A5 -> Clearing | B5: Regeneration | C5: ='DOU1-2'!C5 -> 3 | D5: ='DOU1-2'!D5 -> 943.5 | E5: ='DOU1-2'!E5 -> moyenne fed. Expert | F5: same as DOU1-2
A6: ='DOU1-2'!A6 -> Pruning | B6: Regeneration | C6: ='DOU1-2'!C6+3 -> 18 | D6: ='DOU1-2'!D6 -> 2032 | F6: same as DOU1-2
A7: =A3 -> Seedlings | B7: Regeneration | C7: 3 | D7: =G7*H7 -> 520 | G7: 1000 | H7: =H3 -> 0.52
A8: =A4 -> Planting | B8: Regeneration | C8: 3 | D8: =G8*H8 -> 464.53333 | G8: 1000 | H8: =H4 -> 0.46453333
A9: =A5 -> Clearing | B9: Regeneration | C9: 3 | D9: 944
A10: =A5 -> Clearing | B10: Regeneration | C10: 4 | D10: 944
A11: =A5 -> Clearing | B11: Regeneration | C11: 5 | D11: 944 | E11: moyenne fed. Expert

Sheet SPR1-2
A1: ='DOU1-2'!A1 -> label | B1: category | C1: year | D1: ='DOU1-2'!D1 -> cost | E1: ='DOU1-2'!E1 -> source | F1: comment
A2: ='DOU1-2'!A2 -> Mulching | B2: Regeneration | C2: ='DOU1-2'!C2 -> 0 | D2: ='DOU1-2'!D2 -> 1238 | E2: ='DOU1-2'!E2 -> moyenne fed. Expert | F2: same as DOU1
A3: ='DOU1-2'!A3 -> Seedlings | B3: Regeneration | C3: ='DOU1-2'!C3 -> 0 | D3: ='DOU1-2'!D3 -> 1040 | E3: ='DOU1-2'!E3 -> moyenne fed. Expert | F3: same as DOU1
A4: ='DOU1-2'!A4 -> Planting | B4: Regeneration | C4: ='DOU1-2'!C4 -> 0 | D4: ='DOU1-2'!D4 -> 929.06667 | E4: ='DOU1-2'!E4 -> arbo plant corrigé pour la différence d'année | F4: same as DOU1
A5: ='DOU1-2'!A5 -> Clearing | B5: Regeneration | C5: ='DOU1-2'!C5 -> 3 | D5: ='DOU1-2'!D5 -> 943.5 | E5: ='DOU1-2'!E5 -> moyenne fed. Expert | F5: same as DOU1
A6: ='DOU1-2'!A6 -> Pruning | B6: Regeneration | C6: 22 | D6: ='DOU1-2'!D6 -> 2032 | F6: same as DOU1

Sheet SPR3
A1: ='SPR1-2'!A1 -> label | B1: category | C1: ='SPR1-2'!C1 -> year | D1: ='SPR1-2'!D1 -> cost | E1: ='SPR1-2'!E1 -> source | F1: ='SPR1-2'!F1 -> comment | G1: comment_n | H1: comment_unitPrice
A2: ='SPR1-2'!A2 -> Mulching | B2: Regeneration | C2: 2 | D2: 1526 | E2: fourchette haute de la fed.Expert
A3: ='SPR1-2'!A3 -> Seedlings | B3: Regeneration | C3: 2 | D3: ='SPR1-2'!D3 -> 1040 | E3: ='SPR1-2'!E3 -> moyenne fed. Expert | F3: same as SPR1-2
A4: ='SPR1-2'!A4 -> Planting | B4: Regeneration | C4: 2 | D4: ='SPR1-2'!D4 -> 929.06667 | E4: ='SPR1-2'!E4 -> arbo plant corrigé pour la différence d'année | F4: same as SPR1-2
A5: Chemical treatment (Hylobius) | B5: Regeneration | C5: 2 | D5: =H5*G5 -> 300 | E5: ='SPR1-2'!E5 -> moyenne fed. Expert | G5: 2000 | H5: 0.15
A6: Clearing | B6: Regeneration | C6: 4 | D6: 943.5 | E6: ='SPR1-2'!E4 -> arbo plant corrigé pour la différence d'année
A7: Clearing | B7: Regeneration | C7: 5 | D7: ='SPR1-2'!D5 -> 943.5 | E7: ='SPR1-2'!E5 -> moyenne fed. Expert
A8: ='SPR1-2'!A6 -> Pruning | B8: Regeneration | C8: ='SPR1-2'!C6+2 -> 24 | D8: ='SPR1-2'!D6 -> 2032

Sheet OAK_SHLTR1-2
A1: ='SPR1-2'!A1 -> label | B1: category | C1: ='SPR1-2'!C1 -> year | D1: ='SPR1-2'!D1 -> cost | E1: ='SPR1-2'!E1 -> source | F1: comment | G1: comment_height | H1: comment_HJ | I1: comment_HE | J1: comment_HJ_price | K1: comment_HE_price
A2: Silvicultural access paths (creation) | B2: Regeneration | C2: 2 | D2: =J2*H2+I2*K2 -> 300 | E2: Sardin p 367 + union des entrepreneurs | G2: 0.25 | I2: 3 | J2: =(33+44)/2 -> 38.5 | K2: 100
A3: Clearing (bramble) | B3: Regeneration | C3: 2 | D3: ='OAK1-2'!D5 -> 400 | F3: same as OAK1-2
A4: =A3 -> Clearing (bramble) | B4: Regeneration | C4: 4 | D4: =D3 -> 400 | F4: same as OAK1-2
A5: Silvicultural access paths (maintainance) | B5: Regeneration | C5: 5 | D5: =J5*H5+I5*K5 -> 300 | E5: Sardin p 367 + union des entrepreneurs | G5: 0.8 | I5: 3 | J5: =(33+44)/2 -> 38.5 | K5: 100
A6: Clearing (herbaceous + ligneous) | B6: Regeneration | C6: 5 | D6: ='OAK1-2'!D7 -> 192.5 | F6: same as OAK1-2
A7: =A6 -> Clearing (herbaceous + ligneous) | B7: Regeneration | C7: 7 | D7: =D6 -> 192.5 | F7: same as OAK1-2
A8: Silvicultural access paths (maintainance) | B8: Regeneration | C8: 10 | D8: =J8*H8+I8*K8 -> 150 | E8: Sardin p 367 + union des entrepreneurs | G8: 3 | I8: 1.5 | J8: =(33+44)/2 -> 38.5 | K8: 100
A9: Clearing (ligneous) | B9: Regeneration | C9: 11 | D9: ='OAK1-2'!D9 -> 115.5 | F9: same as OAK1-2
A10: =A9 -> Clearing (ligneous) | B10: Regeneration | C10: 20 | D10: =D9 -> 115.5 | F10: same as OAK1-2

Sheet OAK_SHLTR3
A1: ='SPR1-2'!A1 -> label | B1: category | C1: ='SPR1-2'!C1 -> year | D1: ='SPR1-2'!D1 -> cost | E1: ='SPR1-2'!E1 -> source | F1: comment | G1: comment_n | H1: comment_unitPrice
A2: ='OAK_SHLTR1-2'!A2 -> Silvicultural access paths (creation) | B2: Regeneration | C2: 2 | D2: ='OAK_SHLTR1-2'!D2 -> 300 | E2: reference scenario | F2: same as OAK1-2
A3: ='DOU1-2'!A2 -> Mulching | B3: Regeneration | C3: 2 | D3: ='DOU1-2'!D2 -> 1238 | E3: Spruce plantation | F3: same as DOU1-2
A4: ='DOU1-2'!A3 -> Seedlings | B4: Regeneration | C4: 2 | D4: =H4*G4 -> 780 | G4: 1500 | H4: 0.52
A5: ='DOU1-2'!A4 -> Planting | B5: Regeneration | C5: 2 | D5: =H5*G5 -> 696.8 | G5: 1500 | H5: 0.46453333
A6: ='OAK_SHLTR1-2'!A3 -> Clearing (bramble) | B6: Regeneration | C6: 2 | D6: ='OAK_SHLTR1-2'!D3 -> 400 | E6: reference scenario
A7: =A6 -> Clearing (bramble) | B7: Regeneration | C7: 4 | D7: =D6 -> 400 | E7: reference scenario
A8: ='OAK_SHLTR1-2'!A5 -> Silvicultural access paths (maintainance) | B8: Regeneration | C8: 5 | D8: ='OAK_SHLTR1-2'!D5 -> 300 | E8: reference scenario
A9: ='OAK_SHLTR1-2'!A6 -> Clearing (herbaceous + ligneous) | B9: Regeneration | C9: 5 | D9: ='OAK_SHLTR1-2'!D6 -> 192.5 | E9: reference scenario
A10: =A9 -> Clearing (herbaceous + ligneous) | B10: Regeneration | C10: 7 | D10: ='OAK_SHLTR1-2'!D7 -> 192.5 | E10: reference scenario
A11: =A8 -> Silvicultural access paths (maintainance) | B11: Regeneration | C11: 10 | D11: ='OAK_SHLTR1-2'!D8 -> 150 | E11: reference scenario
A12: ='OAK_SHLTR1-2'!A9 -> Clearing (ligneous) | B12: Regeneration | C12: 11 | D12: ='OAK_SHLTR1-2'!D9 -> 115.5 | E12: reference scenario
A13: =A12 -> Clearing (ligneous) | B13: Regeneration | C13: 20 | D13: =D12 -> 115.5 | E13: reference scenario

Sheet OAK1-2
A1: ='SPR1-2'!A1 -> label | B1: category | C1: ='SPR1-2'!C1 -> year | D1: ='SPR1-2'!D1 -> cost | E1: ='SPR1-2'!E1 -> source | F1: comment | G1: comment_height | H1: comment_HJ | I1: comment_HE | J1: comment_HJ_price | K1: comment_HE_price | L1: comment_n | M1: comment_unitPrice
A2: =OAK_SHLTR3!A3 -> Mulching | B2: Regeneration | C2: 0 | D2: ='DOU1-2'!D2 -> 1238 | E2: union des entrepreneurs | F2: same as DOU1-2 | I2: 5 | J2: =(33+44)/2 -> 38.5 | K2: 100
A3: =OAK_SHLTR3!A4 -> Seedlings | B3: Regeneration | C3: 0 | D3: =M3*L3 -> 780 | E3: union des entrepreneurs | J3: =(33+44)/2 -> 38.5 | K3: 100 | L3: 1500 | M3: 0.52
A4: =OAK_SHLTR3!A5 -> Planting | B4: Regeneration | C4: 0 | D4: =M4*L4 -> 696.8 | E4: arbo plant corrigé pour la différence d'année | J4: =(33+44)/2 -> 38.5 | K4: 100 | L4: 1500 | M4: 0.46453333
A5: =OAK_SHLTR3!A6 -> Clearing (bramble) | B5: Regeneration | C5: 2 | D5: =I5*K5+H5*J5 -> 400 | E5: Sardin p 367, 379 et 397 + union des entrepreneurs | G5: 0.3 | I5: 4 | J5: =(33+44)/2 -> 38.5 | K5: 100
A6: =A5 -> Clearing (bramble) | B6: Regeneration | C6: 4 | D6: =I6*K6+H6*J6 -> 400 | E6: Sardin p 367, 379 et 397 + union des entrepreneurs | G6: 0.6 | I6: 4 | J6: =(33+44)/2 -> 38.5 | K6: 100
A7: =OAK_SHLTR3!A9 -> Clearing (herbaceous + ligneous) | B7: Regeneration | C7: 5 | D7: =I7*K7+H7*J7 -> 192.5 | E7: Sardin p 367, 379 et 397 + union des entrepreneurs | G7: 0.8 | H7: 5 | J7: =(33+44)/2 -> 38.5 | K7: 100
A8: =A7 -> Clearing (herbaceous + ligneous) | B8: Regeneration | C8: 7 | D8: =I8*K8+H8*J8 -> 192.5 | E8: Sardin p 367, 379 et 397 + union des entrepreneurs | G8: 1.5 | H8: 5 | J8: =(33+44)/2 -> 38.5 | K8: 100
A9: =OAK_SHLTR3!A12 -> Clearing (ligneous) | B9: Regeneration | C9: 11 | D9: =I9*K9+H9*J9 -> 115.5 | E9: Sardin p 367, 379 et 397 + union des entrepreneurs | G9: 3.5 | H9: 3 | J9: =(33+44)/2 -> 38.5 | K9: 100
A10: =OAK_SHLTR3!A13 -> Clearing (ligneous) | B10: Regeneration | C10: 20 | D10: =I10*K10+H10*J10 -> 115.5 | E10: Sardin p 367, 379 et 397 + union des entrepreneurs | G10: 10 | H10: 3 | J10: =(33+44)/2 -> 38.5 | K10: 100

Sheet OAK3
A1: ='SPR1-2'!A1 -> label | B1: category | C1: ='SPR1-2'!C1 -> year | D1: ='SPR1-2'!D1 -> cost | E1: ='SPR1-2'!E1 -> source | F1: comment | G1: comment_height | H1: comment_HJ | I1: comment_HE | J1: comment_HJ_price | K1: comment_HE_price | L1: comment_n | M1: comment_unitPrice
A2: ='OAK1-2'!A2 -> Mulching | B2: Regeneration | C2: ='OAK1-2'!C2 -> 0 | D2: ='OAK1-2'!D2 -> 1238 | E2: ='OAK1-2'!E2 -> union des entrepreneurs | F2: same as OAK1-2 | G2: ='OAK1-2'!G2 -> 0 | H2: ='OAK1-2'!H2 -> 0 | I2: ='OAK1-2'!I2 -> 5 | J2: ='OAK1-2'!J2 -> 38.5 | K2: ='OAK1-2'!K2 -> 100 | L2: ='OAK1-2'!L2 -> 0 | M2: ='OAK1-2'!M2 -> 0
A3: ='OAK1-2'!A3 -> Seedlings | B3: Regeneration | C3: 0 | D3: =M3*L3 -> 780 | E3: union des entrepreneurs | L3: 1500 | M3: 0.52
A4: ='OAK1-2'!A4 -> Planting | B4: Regeneration | C4: 0 | D4: =M4*L4 -> 696.8 | E4: arbo plant corrigé pour la différence d'année | L4: 1500 | M4: 0.46453333
A5: Protections | B5: Regeneration | C5: 0 | D5: =M5*L5 -> 1965 | E5: ='OAK1-2'!E5 -> Sardin p 367, 379 et 397 + union des entrepreneurs | L5: 1500 | M5: 1.31
A6: ='OAK1-2'!A5 -> Clearing (bramble) | B6: Regeneration | C6: 2 | D6: ='OAK1-2'!D5 -> 400 | E6: Sardin p 367, 379 et 397 + union des entrepreneurs | F6: same as OAK1-2 | G6: 0.3 | I6: 4 | J6: =(33+44)/2 -> 38.5 | K6: 100
A7: Seedlings (replanting) | B7: Regeneration | C7: 2 | D7: =M7*L7 -> 260 | E7: union des entrepreneurs | L7: 500 | M7: 0.52
A8: Protections | B8: Regeneration | C8: 2 | D8: =M8*L8 -> 655 | E8: union des entrepreneurs | L8: 500 | M8: 1.31
A9: Replanting | B9: Regeneration | C9: 2 | D9: =M9*L9 -> 232.26667 | E9: arbo plant corrigé pour la différence d'année | L9: 500 | M9: 0.46453333
A10: ='OAK1-2'!A5 -> Clearing (bramble) | B10: Regeneration | C10: 4 | D10: =I10*K10+H10*J10 -> 400 | E10: Sardin p 367, 379 et 397 + union des entrepreneurs | G10: 0.6 | I10: 4 | J10: =(33+44)/2 -> 38.5 | K10: 100
A11: ='OAK1-2'!A7 -> Clearing (herbaceous + ligneous) | B11: Regeneration | C11: 5 | D11: ='OAK1-2'!D7 -> 192.5 | E11: Sardin p 367, 379 et 397 + union des entrepreneurs | F11: same as OAK1-2 | G11: 0.8 | H11: 5 | J11: =(33+44)/2 -> 38.5 | K11: 100
A12: =A11 -> Clearing (herbaceous + ligneous) | B12: Regeneration | C12: 7 | D12: =D11 -> 192.5 | E12: Sardin p 367, 379 et 397 + union des entrepreneurs | F12: same as OAK1-2 | G12: 1.5 | H12: 5 | J12: =(33+44)/2 -> 38.5 | K12: 100
A13: ='OAK1-2'!A9 -> Clearing (ligneous) | B13: Regeneration | C13: 11 | D13: ='OAK1-2'!D9 -> 115.5 | E13: Sardin p 367, 379 et 397 + union des entrepreneurs | F13: same as OAK1-2 | G13: 3.5 | H13: 3 | J13: =(33+44)/2 -> 38.5 | K13: 100
A14: =A13 -> Clearing (ligneous) | B14: Regeneration | C14: 20 | D14: =D13 -> 115.5 | E14: Sardin p 367, 379 et 397 + union des entrepreneurs | F14: same as OAK1-2 | G14: 10 | H14: 3 | J14: =(33+44)/2 -> 38.5 | K14: 100
