Workbook

Sheet Synthèse
F2: Accord-Cadre IV (2014 -2019)
F3: de Recherche et de Vulgarisation forestières
B5: Nouvelles normes sylvicoles pour les peuplements purs équiennes de douglas
B7: 1. Evolution de la hauteur dominante selon les 5 classes de productivité
B9: Age | C9: Classe de productivité
C10: IV | D10: III | E10: II | F10: I | G10: 0
B11: 20 | C11: 11.7 | D11: 13.8 | E11: 15.9 | F11: 17.9 | G11: 20
B12: 25 | C12: 14.7 | D12: 17.2 | E12: 19.7 | F12: 22.2 | G12: 24.7
B13: 30 | C13: 17.6 | D13: 20.4 | E13: 23.3 | F13: 26.2 | G13: 29.1
B14: 35 | C14: 20.3 | D14: 23.6 | E14: 26.8 | F14: 30 | G14: 33.2
B15: 40 | C15: 23 | D15: 26.5 | E15: 30 | F15: 33.6 | G15: 37.1
B16: 45 | C16: 25.6 | D16: 29.3 | E16: 33.1 | F16: 36.9 | G16: 40.7
B17: 50 | C17: 28 | D17: 32 | E17: 36 | F17: 40 | G17: 44
B18: 55 | C18: 30.3 | D18: 34.5 | E18: 38.7 | F18: 42.9 | G18: 47.1
B19: 60 | C19: 32.5 | D19: 36.9 | E19: 41.2 | F19: 45.6 | G19: 50
B20: 65 | C20: 34.6 | D20: 39.1 | E20: 43.6 | F20: 48.1 | G20: -
B21: 70 | C21: 36.6 | D21: 41.3 | E21: 45.9 | F21: 50.5 | G21: -
B22: 75 | C22: 38.5 | D22: 43.3 | E22: 48 | F22: - | G22: -
B23: 80 | C23: 40.4 | D23: 45.2 | E23: 50 | F23: - | G23: -
B24: 85 | C24: 42.1 | D24: 47 | E24: - | F24: - | G24: -
B25: 90 | C25: 43.8 | D25: 48.8 | E25: - | F25: - | G25: -
B26: 95 | C26: 45.5 | D26: 50.5 | E26: - | F26: - | G26: -
B27: 100 | C27: 47.1 | D27: - | E27: - | F27: - | G27: -
B29: 2. Synthèse des nouvelles normes
C31: 2.1. Ecartement à la plantation : 2.5 x 2 m
B33: Productivité | D33: 1ère éclaircie | F33: Caractéristique de la coupe rase | K33: Accroissement et stabilité | O33: Recettes
B34: Classe | C34: H50 | D34: Age | E34: Ecl | F34: Age cible | G34: Hdom | H34: Cg | I34: Nha | J34: Vha | K34: AMC | L34: PTV | M34: AMV | N34: h/d | O34: VA Ecl | P34: VA Mab | Q34: VA Total
B35: années | C35: m | D35: années | E35: % | F35: années | G35: m | H35: cm | I35: N/ha | J35: m³/ha | K35: cm/an | L35: m³/ha | M35: m³/ha/an | O35: € /ha | P35: € /ha | Q35: € /ha
B36: 0 | C36: 44 | D36: =Do0A!A$9 -> 13 | E36: =Do0A!V$9 -> 32.643103 | F36: =Do0A!A16 -> 55 | G36: =Do0A!B16 -> 46.083975 | H36: =Do0A!D16 -> 206.44805 | I36: =Do0A!C16 -> 141.39 | J36: =Do0A!F16 -> 767.61178 | K36: =H36/F36 -> 3.753601 | L36: =Do0A!T16 -> 1427.0133 | M36: =Do0A!S16 -> 25.945697 | N36: =Do0A!U13 -> 77.079433 | O36: =Q36-P36 -> 15303.771 | P36: =Do0A!L$33 -> 21721.347 | Q36: =Do0A!W$33 -> 37025.118
B37: 1 | C37: 40 | D37: =Do1A!A$9 -> 15 | E37: =Do1A!V$9 -> 32.643232 | F37: =Do1A!A16 -> 57 | G37: =Do1A!B16 -> 43.08956 | H37: =Do1A!D16 -> 191.88746 | I37: =Do1A!C16 -> 158.85 | J37: =Do1A!F16 -> 708.35018 | K37: =H37/F37 -> 3.3664466 | L37: =Do1A!T16 -> 1300.442 | M37: =Do1A!S16 -> 22.814772 | N37: =Do1A!U14 -> 74.383412 | O37: =Q37-P37 -> 12525.876 | P37: =Do1A!L$33 -> 18917.569 | Q37: =Do1A!W$33 -> 31443.444
B38: 2 | C38: 36 | D38: =Do2A!A$9 -> 17 | E38: =Do2A!V$9 -> 32.646457 | F38: =Do2A!A17 -> 65 | G38: =Do2A!B17 -> 42.710928 | H38: =Do2A!D17 -> 196.28922 | I38: =Do2A!C17 -> 150.21 | J38: =Do2A!F17 -> 697.92314 | K38: =H38/F38 -> 3.0198341 | L38: =Do2A!T17 -> 1307.2021 | M38: =Do2A!S17 -> 20.110802 | N38: =Do2A!U15 -> 71.891652 | O38: =Q38-P38 -> 11824.318 | P38: =Do2A!L$34 -> 16025.092 | Q38: =Do2A!W$34 -> 27849.41
B39: 3 | C39: 32 | D39: =Do3A!A$9 -> 19 | E39: =Do3A!V$9 -> 32.646327 | F39: =Do3A!A18 -> 73 | G39: =Do3A!B18 -> 41.618617 | H39: =Do3A!D18 -> 196.47049 | I39: =Do3A!C18 -> 147.96 | J39: =Do3A!F18 -> 676.99329 | K39: =H39/F39 -> 2.6913766 | L39: =Do3A!T18 -> 1277.8318 | M39: =Do3A!S18 -> 17.504545 | N39: =Do3A!U16 -> 69.619039 | O39: =Q39-P39 -> 10495.316 | P39: =Do3A!L$35 -> 13287.758 | Q39: =Do3A!W$35 -> 23783.074
B40: 4 | C40: 28 | D40: =Do4A!A$9 -> 23 | E40: =Do4A!V$9 -> 32.645716 | F40: =Do4A!A19 -> 83 | G40: =Do4A!B19 -> 40.676788 | H40: =Do4A!D19 -> 193.66089 | I40: =Do4A!C19 -> 149.49 | J40: =Do4A!F19 -> 653.94809 | K40: =H40/F40 -> 2.3332637 | L40: =Do4A!T19 -> 1245.8936 | M40: =Do4A!S19 -> 15.010766 | N40: =Do4A!U19 -> 65.219646 | O40: =Q40-P40 -> 8906.7235 | P40: =Do4A!L$36 -> 10476.568 | Q40: =Do4A!W$36 -> 19383.292
C42: 2.2. Ecartement à la plantation : 2 x 2 m
B44: Productivité | D44: 1ère éclaircie | F44: Caractéristique de la coupe rase | K44: Accroissement et stabilité | O44: Recettes
B45: Classe | C45: H50 | D45: Age | E45: Ecl | F45: Age cible | G45: Hdom | H45: Cg | I45: Nha | J45: Vha | K45: AMC | L45: PTV | M45: AMV | N45: h/d | O45: VA Ecl | P45: VA Mab | Q45: VA Total
B46: années | C46: m | D46: années | E46: % | F46: années | G46: m | H46: cm | I46: N/ha | J46: m³/ha | K46: cm/an | L46: m³/ha | M46: m³/ha/an | O46: € /ha | P46: € /ha | Q46: € /ha
B47: 0 | C47: 44 | D47: =Do0B!A$9 -> 13 | E47: =Do0B!V$9 -> 39.7503 | F47: =Do0B!A16 -> 55 | G47: =Do0B!B16 -> 46.024902 | H47: =Do0B!D16 -> 198.03472 | I47: =Do0B!C16 -> 151.38 | J47: =Do0B!F16 -> 753.4934 | K47: =H47/F47 -> 3.6006313 | L47: =Do0B!T16 -> 1413.9121 | M47: =Do0B!S16 -> 25.707492 | N47: =Do0B!U13 -> 80.453781 | O47: =Q47-P47 -> 14639.587 | P47: =Do0B!L$33 -> 21073.806 | Q47: =Do0B!W$33 -> 35713.394
B48: 1 | C48: 40 | D48: =Do1B!A$9 -> 15 | E48: =Do1B!V$9 -> 39.751556 | F48: =Do1B!A16 -> 57 | G48: =Do1B!B16 -> 43.113682 | H48: =Do1B!D16 -> 185.87563 | I48: =Do1B!C16 -> 167.31 | J48: =Do1B!F16 -> 698.71084 | K48: =H48/F48 -> 3.2609759 | L48: =Do1B!T16 -> 1292.5875 | M48: =Do1B!S16 -> 22.676974 | N48: =Do1B!U14 -> 76.865069 | O48: =Q48-P48 -> 11890.564 | P48: =Do1B!L$33 -> 18414.174 | Q48: =Do1B!W$33 -> 30304.737
B49: 2 | C49: 36 | D49: =Do2B!A$9 -> 17 | E49: =Do2B!V$9 -> 39.748317 | F49: =Do2B!A17 -> 65 | G49: =Do2B!B17 -> 42.786904 | H49: =Do2B!D17 -> 189.66954 | I49: =Do2B!C17 -> 158.94 | J49: =Do2B!F17 -> 688.64986 | K49: =H49/F49 -> 2.9179929 | L49: =Do2B!T17 -> 1299.6461 | M49: =Do2B!S17 -> 19.994556 | N49: =Do2B!U15 -> 74.538991 | O49: =Q49-P49 -> 11208.013 | P49: =Do2B!L$34 -> 15617.939 | Q49: =Do2B!W$34 -> 26825.952
B50: 3 | C50: 32 | D50: =Do3B!A$9 -> 19 | E50: =Do3B!V$9 -> 39.748281 | F50: =Do3B!A18 -> 73 | G50: =Do3B!B18 -> 41.625003 | H50: =Do3B!D18 -> 189.61019 | I50: =Do3B!C18 -> 156.96 | J50: =Do3B!F18 -> 667.21668 | K50: =H50/F50 -> 2.5973999 | L50: =Do3B!T18 -> 1273.4501 | M50: =Do3B!S18 -> 17.444522 | N50: =Do3B!U16 -> 72.311181 | O50: =Q50-P50 -> 10088.442 | P50: =Do3B!L$35 -> 12923.415 | Q50: =Do3B!W$35 -> 23011.856
B51: 4 | C51: 28 | D51: =Do4B!A$9 -> 23 | E51: =Do4B!V$9 -> 39.747905 | F51: =Do4B!A19 -> 83 | G51: =Do4B!B19 -> 40.692147 | H51: =Do4B!D19 -> 188.22195 | I51: =Do4B!C19 -> 156.78 | J51: =Do4B!F19 -> 646.60333 | K51: =H51/F51 -> 2.2677343 | L51: =Do4B!T19 -> 1237.6374 | M51: =Do4B!S19 -> 14.911294 | N51: =Do4B!U19 -> 67.095642 | O51: =Q51-P51 -> 8369.042 | P51: =Do4B!L$36 -> 10244.837 | Q51: =Do4B!W$36 -> 18613.879
B53: 3. Légende des tables de production
B55: Variables | D55: Description
B56: Age | D56: Age depuis la plantation (on considère que les plants sont âgé de 3 ans lors de la plantation)
B57: Hdom | D57: Hauteur dominante (moyenne des hauteur des 100 plus gros arbres à l'hectare) en m
B58: Nha | D58: Nombre de tige par hectare
B59: Cg | D59: Circonférence à hauteur de poitrine de l'arbre de surface terrière moyenne en cm
B60: Gha | D60: Surface terrière totale par hectare (m²/ha)
B61: Vha | D61: Volume sur pied total par hectare à la recoupe 22 cm (m³/ha)
B62: ACC | D62: Accroissement courant en circonférence à hauteur de poitrine (cm/an)
B63: ACG | D63: Accroissement courant en surface terrière (m²/ha/an)
B64: AMG | D64: Accroissement moyen en surface terrière depuis la plantation (m²/ha/an)
B65: ACV | D65: Accroissement courant en volume (m³/ha/an)
B66: AMV | D66: Accroissement moyen en volume depuis la plantation (m³/ha/an)
... B74: VMA Totale* | D74: Somme des VMA des prélèvements précédents et du volume sur pied de l'année en cours (€ /ha)
C75: *Les chiffres présentés représentent une estimation moyenne et n'engagent en rien les auteurs de ces outils
Q76: J. Perin, 2016
Q77: (j.perin@ulg.ac.be)

Sheet Do0A
D1: Classe de productivité 0, plantation 2.5 x 2 m
A3: Caractéristiques : | E3: Essence : douglas | K3: Plantation : 2.5 x 2 (85% de reprise) | R3: Rotation : 6 ans
E4: Classe 0 (44 m à 50 ans) | K4: Cloisonnement : 1 ligne sur 9 | R4: Taux d'actualisation : 2 %
A5: Table de production
A6: Age | B6: Hdom | C6: Avant prélèvement | G6: Prélèvement | K6: Après prélèvement | O6: Accroissements | U6: h/d | V6: Ecl | W6: Dist
C7: Nha | D7: Cg | E7: Gha | F7: Vha | G7: Nha | H7: Cg | I7: Gha | J7: Vha | K7: Nha | L7: Cg | M7: Gha | N7: Vha | O7: ACC | P7: ACG | Q7: AMG | R7: ACV | S7: AMV | T7: PTV
A8: années | B8: m | C8: N/ha | D8: cm | E8: m²/ha | F8: m³/ha | G8: N/ha | H8: cm | I8: m²/ha | J8: m³/ha | K8: N/ha | L8: cm | M8: m²/ha | N8: m³/ha | O8: cm/ha/an | P8: m²/ha/an | Q8: m²/ha/an | R8: m³/ha/an | S8: m³/ha/an | T8: m³/ha | V8: % | W8: m
A9: 13 | B9: 13.158736 | C9: 1613.955 | D9: 44.687253 | E9: 25.647727 | F9: 139.75958 | G9: 526.845 | H9: 43.285319 | I9: 7.8551456 | J9: 42.376026 | K9: 1087.11 | L9: 45.351083 | M9: 17.792581 | N9: 97.383553 | O9: 3.0505319 | P9: 2.8369903 | Q9: 1.9729021 | R9: 28.998151 | S9: 10.750737 | T9: 139.75958 | U9: 91.154139 | V9: 32.643103 | W9: 3.2591019
A10: 19 | B10: 18.923869 | C10: 1079.73 | D10: 63.654274 | E10: 34.814523 | F10: 271.37246 | G10: 411.3 | H10: 55.549037 | I10: 10.099548 | J10: 75.706356 | K10: 668.43 | L10: 68.164312 | M10: 24.714975 | N10: 195.6661 | O10: 3.0559445 | P10: 2.4649724 | Q10: 2.245772 | R10: 31.396964 | S10: 16.513078 | T10: 313.74849 | U10: 87.21732 | V10: 38.092857 | W10: 4.1562984
A11: 25 | B11: 24.428646 | C11: 663.48 | D11: 86.499979 | E11: 39.50481 | F11: 384.04789 | G11: 214.74 | H11: 74.912357 | I11: 9.5898102 | J11: 91.238297 | K11: 448.74 | L11: 91.527593 | M11: 29.915 | N11: 292.80959 | O11: 3.0754292 | P11: 2.1653595 | Q11: 2.2983801 | R11: 32.162645 | S11: 20.085211 | T11: 502.13027 | U11: 83.848872 | V11: 32.365708 | W11: 5.072678
A12: 31 | B12: 29.54923 | C12: 445.77 | D12: 109.98017 | E12: 42.907157 | F12: 485.78546 | G12: 132.84 | H12: 94.851216 | I12: 9.5105319 | J12: 106.09348 | K12: 312.93 | L12: 115.80642 | M12: 33.396625 | N12: 379.69198 | O12: 3.1465998 | P12: 1.9194814 | Q12: 2.2726342 | R12: 31.922959 | S12: 22.422779 | T12: 695.10613 | U12: 80.161054 | V12: 29.800121 | W12: 6.0745077
A13: 37 | B13: 34.27819 | C13: 311.13 | D13: 134.68601 | E13: 44.913514 | F13: 571.22973 | G13: 81.63 | H13: 119.43241 | I13: 9.2658296 | J13: 117.45368 | K13: 229.5 | L13: 139.71056 | M13: 35.647684 | N13: 453.77605 | O13: 3.1972331 | P13: 1.7134498 | Q13: 2.2153662 | R13: 31.024702 | S13: 23.963348 | T13: 886.64389 | U13: 77.079433 | V13: 26.236621 | W13: 7.0932185
A14: 43 | B14: 38.556481 | C14: 228.6 | D14: 158.89396 | E14: 45.928383 | F14: 639.92426 | G14: 51.75 | H14: 141.40052 | I14: 8.2338413 | J14: 114.32768 | K14: 176.85 | L14: 163.65966 | M14: 37.694541 | N14: 525.59658 | O14: 3.2168183 | P14: 1.5452159 | Q14: 2.1453313 | R14: 30.021094 | S14: 24.948654 | T14: 1072.7921 | U14: 74.012596 | V14: 22.637795 | W14: 8.0803868
A15: 49 | B15: 42.495324 | C15: 176.31 | D15: 182.96056 | E15: 46.965837 | F15: 705.72315 | G15: 34.65 | H15: 164.58984 | I15: 7.469636 | J15: 112.20601 | K15: 141.66 | L15: 187.1798 | M15: 39.496201 | N15: 593.51713 | O15: 3.2113759 | P15: 1.4097358 | Q15: 2.0718478 | R15: 29.015774 | S15: 25.569769 | T15: 1252.9187 | U15: 71.323401 | V15: 19.652884 | W15: 9.0284057
A16: 55 | B16: 46.083975 | C16: 141.39 | D16: 206.44805 | E16: 47.954616 | F16: 767.61178 | G16: 24.75 | H16: 185.67681 | I16: 6.7901705 | J16: 108.73843 | K16: 116.64 | L16: 210.59221 | M16: 41.164446 | N16: 658.87335 | O16: 3.1879737 | P16: 1.3029062 | Q16: 1.9996174 | R16: 28.132957 | S16: 25.945697 | T16: 1427.0133 | U16: 68.747593 | V16: 17.504774 | W16: 9.9497216
A17: 61 | B17: 49.371347 | C17: 116.64 | D17: 229.72006 | E17: 48.981883 | F17: 827.67109 | G17: 17.73 | H17: 212.38223 | I17: 6.3640739 | J17: 108.2669 | K17: 98.91 | L17: 232.69143 | M17: 42.617809 | N17: 719.40419 | O17: 3.1664173 | P17: 1.2072186 | Q17: 1.9310885 | R17: 27.159098 | S17: 26.160837 | T17: 1595.8111 | U17: 66.6568 | V17: 15.200617 | W17: 10.804747
A18: 67 | B18: 52.345559 | C18: 98.91 | D18: 251.68994 | E18: 49.861121 | F18: 882.35878 | G18: 13.68 | H18: 232.43347 | I18: 5.8813032 | J18: 104.22776 | K18: 85.23 | L18: 254.64514 | M18: 43.979818 | N18: 778.13102 | O18: 3.1480893 | P18: 1.1277443 | Q18: 1.8662643 | R18: 26.308915 | S18: 26.250233 | T18: 1758.7656 | U18: 64.579446 | V18: 13.830755 | W18: 11.63961
A19: 73 | B19: 55.144435 | C19: 85.23 | D19: 273.53368 | E19: 50.746284 | F19: 935.98451 | G19: 10.53 | H19: 256.32136 | I19: 5.5053901 | J19: 99.700685 | K19: 74.7 | L19: 275.87365 | M19: 45.240894 | N19: 836.28383 | O19: 3.1287406 | P19: 1.0610869 | Q19: 1.805564 | R19: 25.615533 | S19: 26.255057 | T19: 1916.6191 | U19: 62.797354 | V19: 12.354805 | W19: 12.432956
A20: 79 | B20: 57.941541 | C20: 74.7 | D20: 294.64609 | E20: 51.607415 | F20: 989.97702 | G20: 74.7 | H20: 294.64609 | I20: 51.607415 | J20: 989.97702 | K20: - | L20: - | M20: - | N20: - | O20: - | P20: - | Q20: 1.7490215 | R20: - | S20: 26.206485 | T20: 2070.3123 | U20: 61.778767 | V20: - | W20: -
A22: Distribution des volumes produits par classe de grosseur
A23: Age | B23: Hdom | C23: Classes de grosseur - Volume sur pied | K23: VMV | M23: Classes de grosseur - Volume prélevés | U23: VMP | W23: VMA totale
C24: 20-40 | D24: 40-60 | E24: 60-70 | F24: 70-90 | G24: 90-120 | H24: 120-150 | I24: 150-180 | J24: 180+ | K24: VMV | L24: VMA | M24: 20-40 | N24: 40-60 | O24: 60-70 | P24: 70-90 | Q24: 90-120 | R24: 120-150 | S24: 150-180 | T24: 180+ | U24: VMP | V24: VMA
A25: années | B25: m | C25: m³/ha | D25: m³/ha | E25: m³/ha | F25: m³/ha | G25: m³/ha | H25: m³/ha | I25: m³/ha | J25: m³/ha | K25: € /ha | L25: € /ha | M25: m³/ha | N25: m³/ha | O25: m³/ha | P25: m³/ha | Q25: m³/ha | R25: m³/ha | S25: m³/ha | T25: m³/ha | U25: € /ha | V25: € /ha | W25: € /ha
A26: 13 | B26: 13.158736 | C26: 29.558297 | D26: 84.661868 | E26: 22.699003 | F26: 2.4955828 | G26: 0 | H26: 0 | I26: 0 | J26: 0 | K26: 1947.6232 | L26: 1505.5761 | M26: 10.495361 | N26: 23.978839 | O26: 6.7523124 | P26: 0.8046851 | Q26: 0 | R26: 0 | S26: 0 | T26: 0 | U26: 522.32559 | V26: 403.77467 | W26: 1505.5761
A27: 19 | B27: 18.923869 | C27: 6.4573025 | D27: 69.467202 | E27: 59.259943 | F27: 106.05053 | G27: 29.746578 | H27: 0 | I27: 0 | J27: 0 | K27: 8348.0089 | L27: 5730.3301 | M27: 4.7885429 | N27: 33.462429 | O27: 13.838283 | P27: 18.225856 | Q27: 5.0003397 | R27: 0 | S27: 0 | T27: 0 | U27: 1657.839 | V27: 1137.9917 | W27: 6134.1048
A28: 25 | B28: 24.428646 | C28: 0.69518529 | D28: 16.649018 | E28: 28.429456 | F28: 117.02868 | G28: 192.9296 | H28: 27.740215 | I28: 0 | J28: 0 | K28: 17666.079 | L28: 10768.02 | M28: 0.63531399 | N28: 10.720711 | O28: 14.473552 | P28: 33.932778 | Q28: 26.254119 | R28: 4.6460993 | S28: 0 | T28: 0 | U28: 3255.7958 | V28: 1984.508 | W28: 12309.787
A29: 31 | B29: 29.54923 | C29: 0 | D29: 3.4365598 | E29: 6.6980577 | F29: 45.868529 | G29: 209.32102 | H29: 204.20441 | I29: 15.666646 | J29: 0 | K29: 27724.062 | L29: 15005.537 | M29: 0 | N29: 2.8082584 | O29: 5.1621856 | P29: 23.480713 | Q29: 48.867591 | R29: 24.181879 | S29: 1.002621 | T29: 0 | U29: 4872.6818 | V29: 2637.3194 | W29: 18531.811
A30: 37 | B30: 34.27819 | C30: 0 | D30: 0.18667011 | E30: 1.0081328 | F30: 10.619566 | G30: 93.177921 | H30: 268.88663 | I30: 196.31621 | J30: 0 | K30: 38196.884 | L30: 18357.84 | M30: 0 | N30: 0.18667011 | O30: 0.78086025 | P30: 7.7001719 | Q30: 39.700275 | R30: 40.424877 | S30: 27.62622 | T30: 0 | U30: 6553.6569 | V30: 3149.7592 | W30: 24521.434
A31: 43 | B31: 38.556481 | C31: 0 | D31: 0 | E31: 0 | F31: 1.3761228 | G31: 24.061325 | H31: 157.69418 | I31: 302.12022 | J31: 153.8986 | K31: 48104.898 | L31: 20529.667 | M31: 0 | N31: 0 | O31: 0 | P31: 1.2992327 | Q31: 13.896441 | R31: 52.171372 | S31: 33.778944 | T31: 12.407882 | U31: 7165.2214 | V31: 3057.8926 | W31: 29843.02
A32: 49 | B32: 42.495324 | C32: 0 | D32: 0 | E32: 0 | F32: 0 | G32: 3.0027448 | H32: 43.980464 | I32: 233.88788 | J32: 423.98333 | K32: 57213.55 | L32: 21681.558 | M32: 0 | N32: 0 | O32: 0 | P32: 0 | Q32: 2.1409829 | R32: 25.332185 | S32: 51.028618 | T32: 32.835506 | U32: 7738.3828 | V32: 2932.5255 | W32: 34052.803
A33: 55 | B33: 46.083975 | C33: 0 | D33: 0 | E33: 0 | F33: 0 | G33: 0 | H33: 8.0653146 | I33: 80.261111 | J33: 678.44666 | K33: 64549.994 | L33: 21721.347 | M33: 0 | N33: 0 | O33: 0 | P33: 0 | Q33: 0 | R33: 6.8776595 | S33: 34.461982 | T33: 66.560102 | U33: 7983.4062 | V33: 2686.4501 | W33: 37025.118
A34: 61 | B34: 49.371347 | C34: 0 | D34: 0 | E34: 0 | F34: 0 | G34: 0 | H34: 0 | I34: 10.758261 | J34: 815.65503 | K34: 70362.977 | L34: 21024.89 | M34: 0 | N34: 0 | O34: 0 | P34: 0 | Q34: 0 | R34: 0 | S34: 6.717403 | T34: 100.2917 | U34: 8242.8248 | V34: 2463.0067 | W34: 39015.111
A35: 67 | B35: 52.345559 | C35: 0 | D35: 0 | E35: 0 | F35: 0 | G35: 0 | H35: 0 | I35: 0.72489263 | J35: 880.99153 | K35: 75160.344 | L35: 19942.392 | M35: 0 | N35: 0 | O35: 0 | P35: 0 | Q35: 0 | R35: 0 | S35: 0.38497044 | T35: 103.20043 | U35: 8024.9812 | V35: 2129.2787 | W35: 40395.62
A36: 73 | B36: 55.144435 | C36: 0 | D36: 0 | E36: 0 | F36: 0 | G36: 0 | H36: 0 | I36: 0.40528325 | J36: 937.04989 | K36: 79914.71 | L36: 18828.434 | M36: 0 | N36: 0 | O36: 0 | P36: 0 | Q36: 0 | R36: 0 | S36: 0.40528325 | T36: 100.76607 | U36: 7837.7399 | V36: 1846.6233 | W36: 41410.94
A37: 79 | B37: 57.941541 | C37: 0 | D37: 0 | E37: 0 | F37: 0 | G37: 0 | H37: 0 | I37: 0 | J37: 989.97702 | K37: 84395.541 | L37: 17656.553 | M37: 0 | N37: 0 | O37: 0 | P37: 0 | Q37: 0 | R37: 0 | S37: 0 | T37: 989.97702 | U37: 84395.541 | V37: 17656.553 | W37: 42085.683
A38: Total | B38: - | C38: - | D38: - | E38: - | F38: - | G38: - | H38: - | I38: - | J38: - | K38: - | L38: - | M38: 15.919218 | N38: 71.156908 | O38: 41.007194 | P38: 85.443437 | Q38: 135.85975 | R38: 153.63407 | S38: 155.40604 | T38: 1406.0387 | U38: - | V38: 42085.683 | W38: -
W40: J. Perin, 2016
W41: (j.perin@ulg.ac.be)

Sheet Do1A
D1: Classe de productivité 1, plantation 2.5 x 2 m
A3: Caractéristiques : | E3: Essence : douglas | K3: Plantation : 2.5 x 2 (85% de reprise) | R3: Rotation : 6 ans
E4: Classe I (40 m à 50 ans) | K4: Cloisonnement : 1 ligne sur 9 | R4: Taux d'actualisation : 2 %
A5: Table de production
A6: Age | B6: Hdom | C6: Avant prélèvement | G6: Prélèvement | K6: Après prélèvement | O6: Accroissements | U6: h/d | V6: Ecl | W6: Dist
C7: Nha | D7: Cg | E7: Gha | F7: Vha | G7: Nha | H7: Cg | I7: Gha | J7: Vha | K7: Nha | L7: Cg | M7: Gha | N7: Vha | O7: ACC | P7: ACG | Q7: AMG | R7: ACV | S7: AMV | T7: PTV
A8: années | B8: m | C8: N/ha | D8: cm | E8: m²/ha | F8: m³/ha | G8: N/ha | H8: cm | I8: m²/ha | J8: m³/ha | K8: N/ha | L8: cm | M8: m²/ha | N8: m³/ha | O8: cm/ha/an | P8: m²/ha/an | Q8: m²/ha/an | R8: m³/ha/an | S8: m³/ha/an | T8: m³/ha | V8: % | W8: m
A9: 15 | B9: 13.523098 | C9: 1613.29 | D9: 45.696772 | E9: 26.808568 | F9: 150.29545 | G9: 526.63 | H9: 44.222037 | I9: 8.1954578 | J9: 45.497662 | K9: 1086.66 | L9: 46.394614 | M9: 18.61311 | N9: 104.79778 | O9: 2.738253 | P9: 2.5498786 | Q9: 1.7872379 | R9: 26.077198 | S9: 10.019696 | T9: 150.29545 | U9: 91.571111 | V9: 32.643232 | W9: 3.2597766
A10: 21 | B10: 18.672501 | C10: 1079.73 | D10: 62.824132 | E10: 33.912382 | F10: 261.26097 | G10: 391.5 | H10: 54.78718 | I10: 9.3514681 | J10: 69.212088 | K10: 688.23 | L10: 66.966931 | M10: 24.560914 | N10: 192.04889 | O10: 2.7549292 | P10: 2.2327572 | Q10: 2.0051352 | R10: 27.816986 | S10: 14.607554 | T10: 306.75864 | U10: 87.59755 | V10: 36.259065 | W10: 4.0960749
A11: 27 | B11: 23.580745 | C11: 684.18 | D11: 83.496506 | E11: 37.957457 | F11: 358.9508 | G11: 206.01 | H11: 71.75496 | I11: 8.4407745 | J11: 77.891976 | K11: 478.17 | L11: 88.073964 | M11: 29.516683 | N11: 281.05882 | O11: 2.7652905 | P11: 1.9901548 | Q11: 2.0557179 | R11: 28.587249 | S11: 17.542983 | T11: 473.66055 | U11: 84.112367 | V11: 30.110497 | W11: 4.9140947
A12: 33 | B12: 28.157502 | C12: 475.56 | D12: 104.66571 | E12: 41.457612 | F12: 452.58232 | G12: 133.56 | H12: 90.419861 | I12: 8.6894886 | J12: 93.490368 | K12: 342 | L12: 109.72805 | M12: 32.768123 | N12: 359.09195 | O12: 2.831381 | P12: 1.7817298 | Q12: 2.0437973 | R12: 28.432643 | S12: 19.551032 | T12: 645.18405 | U12: 80.616946 | V12: 28.084784 | W12: 5.8106087
A13: 39 | B13: 32.385359 | C13: 340.11 | D13: 126.71634 | E13: 43.458502 | F13: 529.68781 | G13: 87.75 | H13: 110.39724 | I13: 8.5104731 | J13: 102.69423 | K13: 252.36 | L13: 131.91859 | M13: 34.948029 | N13: 426.99358 | O13: 2.8891085 | P13: 1.6020972 | Q13: 2.0034792 | R13: 27.747191 | S13: 20.917433 | T13: 815.77991 | U13: 77.124537 | V13: 25.800476 | W13: 6.7643244
A14: 45 | B14: 36.28041 | C14: 251.37 | D14: 149.25325 | E14: 44.560612 | F14: 593.47673 | G14: 54.27 | H14: 133.81679 | I14: 7.7334129 | J14: 102.92528 | K14: 197.1 | L14: 153.23076 | M14: 36.827199 | N14: 490.55145 | O14: 2.9154714 | P14: 1.453557 | Q14: 1.9499616 | R14: 26.906202 | S14: 21.828068 | T14: 982.26305 | U14: 74.383412 | V14: 21.589689 | W14: 7.6540514
A15: 51 | B15: 39.820658 | C15: 196.38 | D15: 170.72359 | E15: 45.548541 | F15: 651.98866 | G15: 37.26 | H15: 153.82523 | I15: 7.0159764 | J15: 100.38024 | K15: 159.12 | L15: 174.44419 | M15: 38.532565 | N15: 551.60842 | O15: 2.9072118 | P15: 1.3353613 | Q15: 1.8915611 | R15: 26.123627 | S15: 22.425495 | T15: 1143.7003 | U15: 71.713645 | V15: 18.973419 | W15: 8.5186799
A16: 57 | B16: 43.08956 | C16: 158.85 | D16: 191.88746 | E16: 46.544732 | F16: 708.35018 | G16: 26.37 | H16: 175.81718 | I16: 6.4866863 | J16: 99.087635 | K16: 132.48 | L16: 194.92819 | M16: 40.058046 | N16: 609.26255 | O16: 2.8896691 | P16: 1.2351034 | Q16: 1.8330137 | R16: 25.32177 | S16: 22.814772 | T16: 1300.442 | U16: 69.446007 | V16: 16.600567 | W16: 9.3359717
A17: 63 | B17: 46.081128 | C17: 132.39 | D17: 212.26621 | E17: 47.468667 | F17: 761.19317 | G17: 20.25 | H17: 192.19177 | I17: 5.952299 | J17: 95.544879 | K17: 112.14 | L17: 215.69215 | M17: 41.516368 | N17: 665.64829 | O17: 2.8794482 | P17: 1.1528645 | Q17: 1.7760699 | R17: 24.622977 | S17: 23.053534 | T17: 1452.3726 | U17: 67.117944 | V17: 15.295717 | W17: 10.147391
A18: 69 | B18: 48.871113 | C18: 112.14 | D18: 232.96883 | E18: 48.433555 | F18: 813.38615 | G18: 15.12 | H18: 216.9044 | I18: 5.6608109 | J18: 95.873392 | K18: 97.02 | L18: 235.37365 | M18: 42.772744 | N18: 717.51276 | O18: 2.8659578 | P18: 1.0796683 | Q18: 1.7218781 | R18: 23.89018 | S18: 23.190007 | T18: 1600.1105 | U18: 65.22953 | V18: 13.483146 | W18: 10.90948
A19: 75 | B19: 51.411814 | C19: 97.02 | D19: 252.5694 | E19: 49.250753 | F19: 860.85384 | G19: 12.15 | H19: 232.14326 | I19: 5.21049 | J19: 90.737585 | K19: 84.87 | L19: 255.35995 | M19: 44.040263 | N19: 770.11625 | O19: 2.8586679 | P19: 1.0191464 | Q19: 1.6705013 | R19: 23.307014 | S19: 23.246021 | T19: 1743.4516 | U19: 63.249925 | V19: 12.523191 | W19: 11.664271
A20: 81 | B20: 53.886485 | C20: 84.87 | D20: 272.51196 | E20: 50.155142 | F20: 909.95834 | G20: 84.87 | H20: 272.51196 | I20: 50.155142 | J20: 909.95834 | K20: - | L20: - | M20: - | N20: - | O20: - | P20: - | Q20: 1.6222528 | R20: - | S20: 23.250539 | T20: 1883.2937 | U20: 62.121819 | V20: - | W20: -
A22: Distribution des volumes produits par classe de grosseur
A23: Age | B23: Hdom | C23: Classes de grosseur - Volume sur pied | K23: VMV | M23: Classes de grosseur - Volume prélevés | U23: VMP | W23: VMA totale
C24: 20-40 | D24: 40-60 | E24: 60-70 | F24: 70-90 | G24: 90-120 | H24: 120-150 | I24: 150-180 | J24: 180+ | K24: VMV | L24: VMA | M24: 20-40 | N24: 40-60 | O24: 60-70 | P24: 70-90 | Q24: 90-120 | R24: 120-150 | S24: 150-180 | T24: 180+ | U24: VMP | V24: VMA
A25: années | B25: m | C25: m³/ha | D25: m³/ha | E25: m³/ha | F25: m³/ha | G25: m³/ha | H25: m³/ha | I25: m³/ha | J25: m³/ha | K25: € /ha | L25: € /ha | M25: m³/ha | N25: m³/ha | O25: m³/ha | P25: m³/ha | Q25: m³/ha | R25: m³/ha | S25: m³/ha | T25: m³/ha | U25: € /ha | V25: € /ha | W25: € /ha
A26: 15 | B26: 13.523098 | C26: 28.602416 | D26: 89.732237 | E26: 26.336633 | F26: 5.245834 | G26: 0 | H26: 0 | I26: 0 | J26: 0 | K26: 2213.9234 | L26: 1644.9777 | M26: 10.457778 | N26: 25.350964 | O26: 7.7921332 | P26: 1.5184598 | Q26: 0 | R26: 0 | S26: 0 | T26: 0 | U26: 588.7657 | V26: 437.46158 | W26: 1644.9777
A27: 21 | B27: 18.672501 | C27: 6.9752345 | D27: 68.751641 | E27: 59.874877 | F27: 101.0814 | G27: 24.200647 | H27: 0 | I27: 0 | J27: 0 | K27: 7861.8803 | L27: 5187.0785 | M27: 4.9739278 | N27: 30.17616 | O27: 13.632126 | P27: 16.251602 | Q27: 3.8011019 | R27: 0 | S27: 0 | T27: 0 | U27: 1483.6938 | V27: 978.90529 | W27: 5624.5401
A28: 27 | B28: 23.580745 | C28: 0.82214881 | D28: 21.02 | E28: 29.768175 | F28: 121.86299 | G28: 171.64936 | H28: 13.316702 | I28: 0 | J28: 0 | K28: 15893.178 | L28: 9311.2096 | M28: 0.64809636 | N28: 12.836284 | O28: 13.375592 | P28: 25.406641 | Q28: 23.445923 | R28: 1.6680153 | S28: 0 | T28: 0 | U28: 2624.738 | V28: 1537.7344 | W28: 10727.576
A29: 33 | B29: 28.157502 | C29: 0 | D29: 4.9444559 | E29: 9.6685309 | F29: 55.484086 | G29: 224.69543 | H29: 157.17538 | I29: 0 | J29: 0 | K29: 24707.193 | L29: 12853.391 | M29: 0 | N29: 4.0150067 | O29: 6.2346333 | P29: 23.672059 | Q29: 39.506321 | R29: 19.447909 | S29: 0 | T29: 0 | U29: 4119.5863 | V29: 2143.1272 | W29: 15807.493
A30: 39 | B30: 32.385359 | C30: 0 | D30: 0.21075352 | E30: 1.9173288 | F30: 16.080985 | G30: 136.17056 | H30: 262.68526 | I30: 112.00825 | J30: 0 | K30: 33790.351 | L30: 15609.393 | M30: 0 | N30: 0.15646747 | O30: 1.6323702 | P30: 10.823469 | Q30: 47.607424 | R30: 31.609267 | S30: 10.250569 | T30: 0 | U30: 5319.9345 | V30: 2457.5343 | W30: 20706.621
A31: 45 | B31: 36.28041 | C31: 0 | D31: 0 | E31: 0 | F31: 2.2834967 | G31: 38.914213 | H31: 221.6689 | I31: 262.19793 | J31: 67.462929 | K31: 42698.064 | L31: 17514.61 | M31: 0 | N31: 0 | O31: 0 | P31: 1.9489203 | Q31: 20.533433 | R31: 44.713596 | S31: 26.059715 | T31: 8.7203506 | U31: 6231.2456 | V31: 2556.037 | W31: 25069.372
A32: 51 | B32: 39.820658 | C32: 0 | D32: 0 | E32: 0 | F32: 0 | G32: 6.6146199 | H32: 90.746585 | I32: 300.18612 | J32: 253.6268 | K32: 51070.905 | L32: 18602.221 | M32: 0 | N32: 0 | O32: 0 | P32: 0 | Q32: 4.1006592 | R32: 39.218279 | S32: 36.88064 | T32: 19.366125 | U32: 6630.3975 | V32: 2415.076 | W32: 28713.02
A33: 57 | B33: 43.08956 | C33: 0 | D33: 0 | E33: 0 | F33: 0 | G33: 0.15470266 | H33: 21.312634 | I33: 169.42119 | J33: 516.46891 | K33: 58489.123 | L33: 18917.569 | M33: 0 | N33: 0 | O33: 0 | P33: 0 | Q33: 0.15470266 | R33: 12.785211 | S33: 43.366427 | T33: 41.788543 | U33: 7048.723 | V33: 2279.8205 | W33: 31443.444
A34: 63 | B34: 46.081128 | C34: 0 | D34: 0 | E34: 0 | F34: 0 | G34: 0 | H34: 2.8584851 | I34: 46.524566 | J34: 711.06621 | K34: 64389.446 | L34: 18492.851 | M34: 0 | N34: 0 | O34: 0 | P34: 0 | Q34: 0 | R34: 2.3789395 | S34: 22.894611 | T34: 69.527419 | U34: 7133.7341 | V34: 2048.8308 | W34: 33298.547
A35: 69 | B35: 48.871113 | C35: 0 | D35: 0 | E35: 0 | F35: 0 | G35: 0 | H35: 0 | I35: 7.2767393 | J35: 804.88555 | K35: 69176.802 | L35: 17642.033 | M35: 0 | N35: 0 | O35: 0 | P35: 0 | Q35: 0 | R35: 0 | S35: 5.0195522 | T35: 89.629981 | U35: 7297.6922 | V35: 1861.1171 | W35: 34496.56
A36: 75 | B36: 51.411814 | C36: 0 | D36: 0 | E36: 0 | F36: 0 | G36: 0 | H36: 0 | I36: 0 | J36: 860.72542 | K36: 73376.842 | L36: 16616.752 | M36: 0 | N36: 0 | O36: 0 | P36: 0 | Q36: 0 | R36: 0 | S36: 0 | T36: 90.609165 | U36: 7022.2103 | V36: 1590.2337 | W36: 35332.396
A37: 81 | B37: 53.886485 | C37: 0 | D37: 0 | E37: 0 | F37: 0 | G37: 0 | H37: 0 | I37: 0 | J37: 909.95834 | K37: 77573.948 | L37: 15599.188 | M37: 0 | N37: 0 | O37: 0 | P37: 0 | Q37: 0 | R37: 0 | S37: 0 | T37: 909.95834 | U37: 77573.948 | V37: 15599.188 | W37: 35905.065
A38: Total | B38: - | C38: - | D38: - | E38: - | F38: - | G38: - | H38: - | I38: - | J38: - | K38: - | L38: - | M38: 16.079802 | N38: 72.534882 | O38: 42.666854 | P38: 79.621151 | Q38: 139.14956 | R38: 151.82122 | S38: 144.47151 | T38: 1229.5999 | U38: - | V38: 35905.065 | W38: -
W40: J. Perin, 2016
W41: (j.perin@ulg.ac.be)

Sheet Do2A
D1: Classe de productivité 2, plantation 2.5 x 2 m
A3: Caractéristiques : | E3: Essence : douglas | K3: Plantation : 2.5 x 2 (85% de reprise) | R3: Rotation : 6 ans
E4: Classe II (36 m à 50 ans) | K4: Cloisonnement : 1 ligne sur 9 | R4: Taux d'actualisation : 2 %
A5: Table de production
A6: Age | B6: Hdom | C6: Avant prélèvement | G6: Prélèvement | K6: Après prélèvement | O6: Accroissements | U6: h/d | V6: Ecl | W6: Dist
C7: Nha | D7: Cg | E7: Gha | F7: Vha | G7: Nha | H7: Cg | I7: Gha | J7: Vha | K7: Nha | L7: Cg | M7: Gha | N7: Vha | O7: ACC | P7: ACG | Q7: AMG | R7: ACV | S7: AMV | T7: PTV
A8: années | B8: m | C8: N/ha | D8: cm | E8: m²/ha | F8: m³/ha | G8: N/ha | H8: cm | I8: m²/ha | J8: m³/ha | K8: N/ha | L8: cm | M8: m²/ha | N8: m³/ha | O8: cm/an | P8: m²/ha/an | Q8: m²/ha/an | R8: m³/ha/an | S8: m³/ha/an | T8: m³/ha | V8: % | W8: m
A9: 17 | B9: 13.495068 | C9: 1613.1 | D9: 45.656417 | E9: 26.758088 | F9: 149.81209 | G9: 526.62 | H9: 44.250199 | I9: 8.2057436 | J9: 45.497988 | K9: 1086.48 | L9: 46.322657 | M9: 18.552344 | N9: 104.3141 | O9: 2.4693779 | P9: 2.2737884 | Q9: 1.5740052 | R9: 22.82808 | S9: 8.812476 | T9: 149.81209 | U9: 91.523259 | V9: 32.646457 | W9: 3.2600467
A10: 23 | B10: 18.057615 | C10: 1082.34 | D10: 61.138924 | E10: 32.195074 | F10: 241.28259 | G10: 355.32 | H10: 52.910064 | I10: 7.9156459 | J10: 56.680244 | K10: 727.02 | L10: 64.781497 | M10: 24.279428 | N10: 184.60234 | O10: 2.4701541 | P10: 2.035395 | Q10: 1.7565573 | R10: 24.527585 | S10: 12.468721 | T10: 286.78057 | U10: 87.570794 | V10: 32.828871 | W10: 3.9853045
A11: 29 | B11: 22.414717 | C11: 723.69 | D11: 79.602422 | E11: 36.491798 | F11: 331.76785 | G11: 203.4 | H11: 68.061957 | I11: 7.4980779 | J11: 66.274324 | K11: 520.29 | L11: 83.682408 | M11: 28.993721 | N11: 265.49353 | O11: 2.4829139 | P11: 1.8400344 | Q11: 1.8142479 | R11: 25.331592 | S11: 14.963658 | T11: 433.94608 | U11: 84.149003 | V11: 28.105957 | W11: 4.7109874
A12: 35 | B12: 26.490655 | C12: 517.68 | D12: 98.579891 | E12: 40.033927 | F12: 417.48308 | G12: 138.6 | H12: 85.036728 | I12: 7.9756566 | J12: 81.89196 | K12: 379.08 | L12: 103.08834 | M12: 32.05827 | N12: 335.59112 | O12: 2.5284447 | P12: 1.6599176 | Q12: 1.8186684 | R12: 25.230409 | S12: 16.741018 | T12: 585.93564 | U12: 80.729642 | V12: 26.773296 | W12: 5.5191125
A13: 41 | B13: 30.256225 | C13: 377.55 | D13: 118.25901 | E13: 42.017776 | F13: 486.97357 | G13: 92.7 | H13: 103.83254 | I13: 7.9531066 | J13: 91.445591 | K13: 284.85 | L13: 122.58827 | M13: 34.064669 | N13: 395.52798 | O13: 2.5790573 | P13: 1.5033175 | Q13: 1.7954366 | R13: 24.688657 | S13: 17.983368 | T13: 737.31809 | U13: 77.538198 | V13: 24.553039 | W13: 6.3668786
A14: 47 | B14: 33.733224 | C14: 284.04 | D14: 138.06261 | E14: 43.084574 | F14: 543.65992 | G14: 60.75 | H14: 122.18772 | I14: 7.2175789 | J14: 90.655016 | K14: 223.29 | L14: 142.07504 | M14: 35.866996 | N14: 453.00491 | O14: 2.6159358 | P14: 1.3729497 | Q14: 1.7581448 | R14: 24.056754 | S14: 18.839362 | T14: 885.45003 | U14: 74.591601 | V14: 21.387833 | W14: 7.1911781
A15: 53 | B15: 36.952182 | C15: 222.66 | D15: 157.77066 | E15: 44.104694 | F15: 597.34543 | G15: 41.85 | H15: 140.63798 | I15: 6.5870483 | J15: 89.018488 | K15: 180.81 | L15: 161.47731 | M15: 37.517645 | N15: 508.32694 | O15: 2.6283132 | P15: 1.2659619 | Q15: 1.7145378 | R15: 23.429348 | S15: 19.43001 | T15: 1029.7906 | U15: 71.891652 | V15: 18.795473 | W15: 7.9914109
A16: 59 | B16: 39.934652 | C16: 180.45 | D16: 177.24719 | E16: 45.113416 | F16: 648.90303 | G16: 30.06 | H16: 159.83387 | I16: 6.1110624 | J16: 87.815388 | K16: 150.39 | L16: 180.52646 | M16: 39.002354 | N16: 561.08764 | O16: 2.6271268 | P16: 1.175531 | Q16: 1.6689199 | R16: 22.805917 | S16: 19.836723 | T16: 1170.3666 | U16: 69.495857 | V16: 16.658354 | W16: 8.762443
A17: 65 | B17: 42.710928 | C17: 150.21 | D17: 196.28922 | E17: 46.05554 | F17: 697.92314 | G17: 22.14 | H17: 180.14229 | I17: 5.7174068 | J17: 86.784287 | K17: 128.07 | L17: 198.94779 | M17: 40.338133 | N17: 611.13886 | O17: 2.6104038 | P17: 1.1002254 | Q17: 1.6233763 | R17: 22.229423 | S17: 20.110802 | T17: 1307.2021 | U17: 67.444999 | V17: 14.739365 | W17: 9.49535
A18: 71 | B18: 45.291535 | C18: 128.07 | D18: 214.61022 | E18: 46.939486 | F18: 744.51539 | G18: 17.55 | H18: 195.09977 | I18: 5.3159488 | J18: 84.568192 | K18: 110.52 | L18: 217.54744 | M18: 41.623537 | N18: 659.9472 | O18: 2.6103616 | P18: 1.0348424 | Q18: 1.5791664 | R18: 21.684821 | S18: 20.289841 | T18: 1440.5787 | U18: 65.405298 | V18: 13.703443 | W18: 10.221491
A19: 77 | B19: 47.69457 | C19: 110.52 | D19: 233.20961 | E19: 47.832591 | F19: 790.05613 | G19: 13.5 | H19: 216.22374 | I19: 5.0226236 | J19: 83.689155 | K19: 97.02 | L19: 235.47605 | M19: 42.809968 | N19: 706.36697 | O19: 2.6047925 | P19: 0.97854222 | Q19: 1.5367515 | R19: 21.176728 | S19: 20.39854 | T19: 1570.6876 | U19: 63.631486 | V19: 12.214984 | W19: 10.90948
A20: 83 | B20: 49.91865 | C20: 97.02 | D20: 251.10481 | E20: 48.681221 | F20: 833.42734 | G20: 97.02 | H20: 251.10481 | I20: 48.681221 | J20: 833.42734 | K20: - | L20: - | M20: - | N20: - | O20: - | P20: - | Q20: 1.496399 | R20: - | S20: 20.454795 | T20: 1697.748 | U20: 62.453629 | V20: - | W20: -
A22: Distribution des volumes produits par classe de grosseur
A23: Age | B23: Hdom | C23: Classes de grosseur - Volume sur pied | K23: VMV | M23: Classes de grosseur - Volume prélevés | U23: VMP | W23: VMA totale
C24: 20-40 | D24: 40-60 | E24: 60-70 | F24: 70-90 | G24: 90-120 | H24: 120-150 | I24: 150-180 | J24: 180+ | K24: VMV | L24: VMA | M24: 20-40 | N24: 40-60 | O24: 60-70 | P24: 70-90 | Q24: 90-120 | R24: 120-150 | S24: 150-180 | T24: 180+ | U24: VMP | V24: VMA
A25: années | B25: m | C25: m³/ha | D25: m³/ha | E25: m³/ha | F25: m³/ha | G25: m³/ha | H25: m³/ha | I25: m³/ha | J25: m³/ha | K25: € /ha | L25: € /ha | M25: m³/ha | N25: m³/ha | O25: m³/ha | P25: m³/ha | Q25: m³/ha | R25: m³/ha | S25: m³/ha | T25: m³/ha | U25: € /ha | V25: € /ha | W25: € /ha
A26: 17 | B26: 13.495068 | C26: 28.660366 | D26: 88.825485 | E26: 26.820758 | F26: 5.1639838 | G26: 0 | H26: 0 | I26: 0 | J26: 0 | K26: 2210.6505 | L26: 1578.7638 | M26: 10.25974 | N26: 25.723368 | O26: 7.53448 | P26: 1.6389011 | Q26: 0 | R26: 0 | S26: 0 | T26: 0 | U26: 590.96371 | V26: 422.04416 | W26: 1578.7638
A27: 23 | B27: 18.057615 | C27: 7.8798013 | D27: 71.201219 | E27: 56.341519 | F27: 88.993735 | G27: 16.560897 | H27: 0 | I27: 0 | J27: 0 | K27: 6913.946 | L27: 4384.5198 | M27: 5.284985 | N27: 26.17605 | O27: 9.8564126 | P27: 12.673938 | Q27: 2.3834432 | R27: 0 | S27: 0 | T27: 0 | U27: 1150.793 | V27: 729.78222 | W27: 4806.5639
A28: 29 | B28: 22.414717 | C28: 1.2094617 | D28: 25.719708 | E28: 36.939562 | F28: 124.40288 | G28: 143.05733 | H28: 0 | I28: 0 | J28: 0 | K28: 13866.77 | L28: 7808.5491 | M28: 0.94952904 | N28: 13.826036 | O28: 13.555064 | P28: 19.334017 | Q28: 18.170767 | R28: 0 | S28: 0 | T28: 0 | U28: 2063.7861 | V28: 1162.1434 | W28: 8960.3755
A29: 35 | B29: 26.490655 | C29: 0.03666464 | D29: 6.7020027 | E29: 13.706016 | F29: 74.625471 | G29: 219.89976 | H29: 101.87156 | I29: 0 | J29: 0 | K29: 21719.478 | L29: 10860.339 | M29: 0.03666464 | N29: 5.0263573 | O29: 7.6888429 | P29: 25.35212 | Q29: 30.779793 | R29: 12.366576 | S29: 0 | T29: 0 | U29: 3388.2378 | V29: 1694.2125 | W29: 13174.309
A30: 41 | B30: 30.256225 | C30: 0 | D30: 0.93742308 | E30: 2.971381 | F30: 26.191632 | G30: 179.7275 | H30: 226.92915 | I30: 49.472313 | J30: 0 | K30: 29343.774 | L30: 13028.935 | M30: 0 | N30: 0.8390242 | O30: 2.038713 | P30: 13.948022 | Q30: 43.366052 | R30: 23.119484 | S30: 7.3901207 | T30: 0 | U30: 4543.3551 | V30: 2017.2961 | W30: 17037.118
A31: 47 | B31: 33.733224 | C31: 0 | D31: 0 | E31: 0.23707501 | F31: 6.0709001 | G31: 76.232964 | H31: 256.69966 | I31: 198.0938 | J31: 5.5942703 | K31: 36911.776 | L31: 14553.145 | M31: 0 | N31: 0 | O31: 0.19678585 | P31: 4.1029114 | Q31: 31.271465 | R31: 35.306628 | S31: 18.735686 | T31: 0.31028455 | U31: 5097.6242 | V31: 2009.8319 | W31: 20578.624
A32: 53 | B32: 36.952182 | C32: 0 | D32: 0 | E32: 0 | F32: 0.66367442 | G32: 20.82507 | H32: 165.26032 | I32: 287.82114 | J32: 122.05521 | K32: 44590.103 | L32: 15610.951 | M32: 0 | N32: 0 | O32: 0 | P32: 0.59203953 | Q32: 12.176128 | R32: 42.041761 | S32: 24.773671 | T32: 8.7148824 | U32: 5532.6336 | V32: 1936.9696 | W32: 23646.262
A33: 59 | B33: 39.934652 | C33: 0 | D33: 0 | E33: 0 | F33: 0 | G33: 2.8088997 | H33: 54.443978 | I33: 276.44535 | J33: 314.55435 | K33: 51842.118 | L33: 16116.569 | M33: 0 | N33: 0 | O33: 0 | P33: 0 | Q33: 2.0229443 | R33: 24.019816 | S33: 42.240254 | T33: 18.881918 | U33: 5957.4453 | V33: 1852.0381 | W33: 26088.849
A34: 65 | B34: 42.710928 | C34: 0 | D34: 0 | E34: 0 | F34: 0 | G34: 0 | H34: 11.983605 | I34: 140.16529 | J34: 545.07475 | K34: 58051.267 | L34: 16025.092 | M34: 0 | N34: 0 | O34: 0 | P34: 0 | Q34: 0 | R34: 5.0942593 | S34: 41.636488 | T34: 39.354037 | U34: 6270.1477 | V34: 1730.8786 | W34: 27849.41
A35: 71 | B35: 45.291535 | C35: 0 | D35: 0 | E35: 0 | F35: 0 | G35: 0 | H35: 1.8662814 | I35: 37.523315 | J35: 704.32981 | K35: 63056.586 | L35: 15456.753 | M35: 0 | N35: 0 | O35: 0 | P35: 0 | Q35: 0 | R35: 1.6266777 | S35: 18.156987 | T35: 63.988542 | U35: 6327.7017 | V35: 1551.0786 | W35: 29011.949
A36: 77 | B36: 47.69457 | C36: 0 | D36: 0 | E36: 0 | F36: 0 | G36: 0 | H36: 0 | I36: 5.6274807 | J36: 783.30977 | K36: 67210.474 | L36: 14629.306 | M36: 0 | N36: 0 | O36: 0 | P36: 0 | Q36: 0 | R36: 0 | S36: 3.8325956 | T36: 78.737684 | U36: 6370.4522 | V36: 1386.6186 | W36: 29735.581
A37: 83 | B37: 49.91865 | C37: 0 | D37: 0 | E37: 0 | F37: 0 | G37: 0 | H37: 0 | I37: 0 | J37: 833.42734 | K37: 71049.681 | L37: 13732.445 | M37: 0 | N37: 0 | O37: 0 | P37: 0 | Q37: 0 | R37: 0 | S37: 0 | T37: 833.42734 | U37: 71049.681 | V37: 13732.445 | W37: 30225.339
A38: Total | B38: - | C38: - | D38: - | E38: - | F38: - | G38: - | H38: - | I38: - | J38: - | K38: - | L38: - | M38: 16.530919 | N38: 71.590836 | O38: 40.870299 | P38: 77.641949 | Q38: 140.17059 | R38: 143.5752 | S38: 156.7658 | T38: 1043.4147 | U38: - | V38: 30225.339 | W38: -
W40: J. Perin, 2016
W41: (j.perin@ulg.ac.be)

Sheet Do3A
D1: Classe de productivité 3, plantation 2.5 x 2 m
A3: Caractéristiques : | E3: Essence : douglas | K3: Plantation : 2.5 x 2 (85% de reprise) | R3: Rotation : 6 ans
E4: Classe III (32 m à 50 ans) | K4: Cloisonnement : 1 ligne sur 9 | R4: Taux d'actualisation : 2 %
A5: Table de production
A6: Age | B6: Hdom | C6: Avant prélèvement | G6: Prélèvement | K6: Après prélèvement | O6: Accroissements | U6: h/d | V6: Ecl | W6: Dist
C7: Nha | D7: Cg | E7: Gha | F7: Vha | G7: Nha | H7: Cg | I7: Gha | J7: Vha | K7: Nha | L7: Cg | M7: Gha | N7: Vha | O7: ACC | P7: ACG | Q7: AMG | R7: ACV | S7: AMV | T7: PTV
A8: années | B8: m | C8: N/ha | D8: cm | E8: m²/ha | F8: m³/ha | G8: N/ha | H8: cm | I8: m²/ha | J8: m³/ha | K8: N/ha | L8: cm | M8: m²/ha | N8: m³/ha | O8: cm/ha/an | P8: m²/ha/an | Q8: m²/ha/an | R8: m³/ha/an | S8: m³/ha/an | T8: m³/ha | V8: % | W8: m
A9: 19 | B9: 13.080435 | C9: 1613.765 | D9: 44.377804 | E9: 25.290769 | F9: 136.83415 | G9: 526.835 | H9: 43.003643 | I9: 7.7530976 | J9: 41.49067 | K9: 1086.93 | L9: 45.028773 | M9: 17.537671 | N9: 95.343476 | O9: 2.2522022 | P9: 2.0053328 | Q9: 1.3310931 | R9: 19.36152 | S9: 7.2017972 | T9: 136.83415 | U9: 91.260312 | V9: 32.646327 | W9: 3.2593717
A10: 25 | B10: 17.075217 | C10: 1084.23 | D10: 58.541986 | E10: 29.569669 | F10: 211.5126 | G10: 290.7 | H10: 49.813943 | I10: 5.740332 | J10: 38.758456 | K10: 793.53 | L10: 61.429819 | M10: 23.829337 | N10: 172.75414 | O10: 2.2026628 | P10: 1.8680911 | Q10: 1.4929106 | R10: 21.484257 | S10: 10.120131 | T10: 253.00327 | U10: 87.324656 | V10: 26.811654 | W10: 3.8146352
A11: 31 | B11: 20.921891 | C11: 790.2 | D11: 74.645796 | E11: 35.037883 | F11: 301.65968 | G11: 208.89 | H11: 63.576642 | I11: 6.718974 | J11: 55.902145 | K11: 581.31 | L11: 78.241884 | M11: 28.318909 | N11: 245.75754 | O11: 2.2140812 | P11: 1.7067952 | Q11: 1.5655262 | R11: 22.279356 | S11: 12.319639 | T11: 381.90881 | U11: 84.006232 | V11: 26.43508 | W11: 4.4568784
A12: 37 | B12: 24.535271 | C12: 578.43 | D12: 91.526371 | E12: 38.559681 | F12: 379.43367 | G12: 147.96 | H12: 79.015558 | I12: 7.3512244 | J12: 70.951494 | K12: 430.47 | L12: 95.448615 | M12: 31.208456 | N12: 308.48218 | O12: 2.2583982 | P12: 1.5504694 | Q12: 1.5884347 | R12: 22.267357 | S12: 13.934728 | T12: 515.58494 | U12: 80.755314 | V12: 25.579586 | W12: 5.1792066
A13: 43 | B13: 27.900045 | C13: 428.49 | D13: 108.999 | E13: 40.511273 | F13: 442.08632 | G13: 102.87 | H13: 95.050115 | I13: 7.3957832 | J13: 79.715238 | K13: 325.62 | L13: 113.04855 | M13: 33.11549 | N13: 362.37108 | O13: 2.3092004 | P13: 1.4127114 | Q13: 1.5831372 | R13: 21.877708 | S13: 15.097421 | T13: 649.18909 | U13: 77.533573 | V13: 24.007561 | W13: 5.9549641
A14: 49 | B14: 31.037064 | C14: 324.54 | D14: 126.90375 | E14: 41.591758 | F14: 493.63733 | G14: 68.49 | H14: 111.29725 | I14: 6.7512806 | J14: 79.532941 | K14: 256.05 | L14: 130.76291 | M14: 34.840477 | N14: 414.10439 | O14: 2.3514914 | P14: 1.300622 | Q14: 1.5622688 | R14: 21.453762 | S14: 15.92766 | T14: 780.45533 | U14: 74.56687 | V14: 21.103716 | W14: 6.7154063
A15: 55 | B15: 33.954785 | C15: 255.33 | D15: 144.87186 | E15: 42.644209 | F15: 542.82696 | G15: 46.89 | H15: 129.57078 | I15: 6.2644728 | J15: 79.561728 | K15: 208.44 | L15: 148.09629 | M15: 36.379737 | N15: 463.26524 | O15: 2.3653497 | P15: 1.2020553 | Q15: 1.5337255 | R15: 20.935077 | S15: 16.530507 | T15: 909.17791 | U15: 72.028883 | V15: 18.36447 | W15: 7.4429337
A16: 61 | B16: 36.672019 | C16: 207.99 | D16: 162.28839 | E16: 43.592069 | F16: 588.8757 | G16: 34.38 | H16: 145.07872 | I16: 5.7584216 | J16: 77.583732 | K16: 173.61 | L16: 165.48425 | M16: 37.833647 | N16: 511.29197 | O16: 2.3740752 | P16: 1.1206933 | Q16: 1.5011022 | R16: 20.466509 | S16: 16.963744 | T16: 1034.7884 | U16: 69.619039 | V16: 16.529641 | W16: 8.1554385
A17: 67 | B17: 39.227338 | C17: 173.34 | D17: 179.7287 | E17: 44.557806 | F17: 634.09102 | G17: 25.38 | H17: 163.95269 | I17: 5.4289874 | J17: 77.342056 | K17: 147.96 | L17: 182.29768 | M17: 39.128819 | N17: 556.74896 | O17: 2.362135 | P17: 1.0534469 | Q17: 1.4670357 | R17: 20.040722 | S17: 17.277424 | T17: 1157.5874 | U17: 67.601693 | V17: 14.641745 | W17: 8.8341043
A18: 73 | B18: 41.618617 | C18: 147.96 | D18: 196.47049 | E18: 45.4495 | F18: 676.99329 | G18: 19.8 | H18: 179.86397 | I18: 5.0973408 | J18: 76.083532 | K18: 128.16 | L18: 198.9125 | M18: 40.35216 | N18: 600.90976 | O18: 2.3624415 | P18: 0.99266005 | Q18: 1.4330421 | R18: 19.6044 | S18: 17.504545 | T18: 1277.8318 | U18: 65.731787 | V18: 13.381995 | W18: 9.4920154
A19: 79 | B19: 43.872513 | C19: 128.16 | D19: 213.08715 | E19: 46.30812 | F19: 718.53616 | G19: 15.75 | H19: 196.25552 | I19: 4.8274131 | J19: 75.160681 | K19: 112.41 | L19: 215.34041 | M19: 41.480707 | N19: 643.37548 | O19: 2.3621414 | P19: 0.93997899 | Q19: 1.3995954 | R19: 19.202582 | S19: 17.664027 | T19: 1395.4582 | U19: 64.005435 | V19: 12.289326 | W19: 10.135197
A20: 85 | B20: 46.00218 | C20: 112.41 | D20: 229.51326 | E20: 47.120581 | F20: 758.59098 | G20: 112.41 | H20: 229.51326 | I20: 47.120581 | J20: 758.59098 | K20: - | L20: - | M20: - | N20: - | O20: - | P20: - | Q20: 1.3671519 | R20: - | S20: 17.772631 | T20: 1510.6736 | U20: 62.968088 | V20: - | W20: -
A22: Distribution des volumes produits par classe de grosseur
A23: Age | B23: Hdom | C23: Classes de grosseur - Volume sur pied | K23: VMV | M23: Classes de grosseur - Volume prélevés | U23: VMP | W23: VMA totale
C24: 20-40 | D24: 40-60 | E24: 60-70 | F24: 70-90 | G24: 90-120 | H24: 120-150 | I24: 150-180 | J24: 180+ | K24: VMV | L24: VMA | M24: 20-40 | N24: 40-60 | O24: 60-70 | P24: 70-90 | Q24: 90-120 | R24: 120-150 | S24: 150-180 | T24: 180+ | U24: VMP | V24: VMA
A25: années | B25: m | C25: m³/ha | D25: m³/ha | E25: m³/ha | F25: m³/ha | G25: m³/ha | H25: m³/ha | I25: m³/ha | J25: m³/ha | K25: € /ha | L25: € /ha | M25: m³/ha | N25: m³/ha | O25: m³/ha | P25: m³/ha | Q25: m³/ha | R25: m³/ha | S25: m³/ha | T25: m³/ha | U25: € /ha | V25: € /ha | W25: € /ha
A26: 19 | B26: 13.080435 | C26: 29.931972 | D26: 82.006077 | E26: 22.481166 | F26: 2.1070437 | G26: 0 | H26: 0 | I26: 0 | J26: 0 | K26: 1893.9574 | L26: 1300.0706 | M26: 10.422325 | N26: 23.840316 | O26: 6.2731292 | P26: 0.64701276 | Q26: 0 | R26: 0 | S26: 0 | T26: 0 | U26: 503.6038 | V26: 345.68914 | W26: 1300.0706
A27: 25 | B27: 17.075217 | C27: 8.9068573 | D27: 73.908179 | E27: 52.587682 | F27: 70.814837 | G27: 5.098989 | H27: 0 | I27: 0 | J27: 0 | K27: 5513.655 | L27: 3360.7429 | M27: 5.0837315 | N27: 19.077189 | O27: 6.0413518 | P27: 7.8687344 | Q27: 0.49139578 | R27: 0 | S27: 0 | T27: 0 | U27: 708.69417 | V27: 431.97098 | W27: 3706.4321
A28: 31 | B28: 20.921891 | C28: 1.8413043 | D28: 32.688201 | E28: 46.289808 | F28: 126.09133 | G28: 94.407295 | H28: 0 | I28: 0 | J28: 0 | K28: 11721.333 | L28: 6344.1242 | M28: 1.3852037 | N28: 15.15135 | O28: 12.880441 | P28: 15.909393 | Q28: 10.234015 | R28: 0 | S28: 0 | T28: 0 | U28: 1561.2701 | V28: 845.03115 | W28: 7121.7843
A29: 37 | B29: 24.535271 | C29: 0.1264835 | D29: 10.0484 | E29: 19.687236 | F29: 103.95418 | G29: 199.02173 | H29: 46.081846 | I29: 0 | J29: 0 | K29: 18348.991 | L29: 8818.7256 | M29: 0.10222306 | N29: 6.5234566 | O29: 9.2455575 | P29: 26.511749 | Q29: 21.990187 | R29: 6.0645257 | S29: 0 | T29: 0 | U29: 2689.4137 | V29: 1292.5616 | W29: 10441.417
A30: 43 | B30: 27.900045 | C30: 0 | D30: 1.8291422 | E30: 5.4911358 | F30: 43.581494 | G30: 214.9898 | H30: 173.37512 | I30: 2.2629821 | J30: 0 | K30: 24808.012 | L30: 10587.284 | M30: 0 | N30: 1.4968317 | O30: 3.5227035 | P30: 19.387165 | Q30: 36.760804 | R30: 17.613962 | S30: 0.37712773 | T30: 0 | U30: 3653.6164 | V30: 1559.2493 | W30: 13502.537
A31: 49 | B31: 31.037064 | C31: 0 | D31: 0 | E31: 1.1533046 | F31: 12.785467 | G31: 134.65155 | H31: 246.37981 | I31: 98.035631 | J31: 0 | K31: 31401.299 | L31: 11899.787 | M31: 0 | N31: 0 | O31: 0.85955726 | P31: 8.0289985 | Q31: 38.857325 | R31: 21.547181 | S31: 9.6083113 | T31: 0 | U31: 4131.5631 | V31: 1565.6907 | W31: 16374.29
A32: 55 | B32: 33.954785 | C32: 0 | D32: 0 | E32: 0 | F32: 2.1093908 | G32: 46.149591 | H32: 240.73816 | I32: 226.84898 | J32: 26.288878 | K32: 38095.546 | L32: 12819.313 | M32: 0 | N32: 0 | O32: 0 | P32: 1.8478315 | Q32: 19.260416 | R32: 37.021091 | S32: 18.139234 | T32: 2.6011945 | U32: 4676.7678 | V32: 1573.7522 | W32: 18859.506
A33: 61 | B33: 36.672019 | C33: 0 | D33: 0 | E33: 0 | F33: 0 | G33: 8.3396385 | H33: 141.02574 | I33: 291.2073 | J33: 147.71838 | K33: 44759.399 | L33: 13374.383 | M33: 0 | N33: 0 | O33: 0 | P33: 0 | Q33: 5.8794845 | R33: 41.239968 | S33: 19.168371 | T33: 10.711266 | U33: 4925.5827 | V33: 1471.7944 | W33: 20988.328
A34: 67 | B34: 39.227338 | C34: 0 | D34: 0 | E34: 0 | F34: 0 | G34: 0.54206918 | H34: 42.338339 | I34: 260.2322 | J34: 330.32078 | K34: 51020.379 | L34: 13537.304 | M34: 0 | N34: 0 | O34: 0 | P34: 0 | Q34: 0.54206918 | R34: 19.488906 | S34: 36.428072 | T34: 20.225376 | U34: 5312.5143 | V34: 1409.5764 | W34: 22623.043
A35: 73 | B35: 41.618617 | C35: 0 | D35: 0 | E35: 0 | F35: 0 | G35: 0 | H35: 5.9779483 | I35: 138.75742 | J35: 531.60358 | K35: 56398.071 | L35: 13287.758 | M35: 0 | N35: 0 | O35: 0 | P35: 0 | Q35: 0 | R35: 4.1745884 | S35: 39.020246 | T35: 32.234352 | U35: 5480.0549 | V35: 1291.1371 | W35: 23783.074
A36: 79 | B36: 43.872513 | C36: 0 | D36: 0 | E36: 0 | F36: 0 | G36: 0 | H36: 0.24003559 | I36: 35.758572 | J36: 681.85134 | K36: 60897.079 | L36: 12740.395 | M36: 0 | N36: 0 | O36: 0 | P36: 0 | Q36: 0 | R36: 0.24003559 | S36: 17.743957 | T36: 56.490472 | U36: 5634.4907 | V36: 1178.8026 | W36: 24526.848
A37: 85 | B37: 46.00218 | C37: 0 | D37: 0 | E37: 0 | F37: 0 | G37: 0 | H37: 0 | I37: 3.1952212 | J37: 755.39576 | K37: 64643.52 | L37: 12009.098 | M37: 0 | N37: 0 | O37: 0 | P37: 0 | Q37: 0 | R37: 0 | S37: 3.1952212 | T37: 755.39576 | U37: 64643.52 | V37: 12009.098 | W37: 24974.354
A38: Total | B38: - | C38: - | D38: - | E38: - | F38: - | G38: - | H38: - | I38: - | J38: - | K38: - | L38: - | M38: 16.993484 | N38: 66.089142 | O38: 38.82274 | P38: 80.200885 | Q38: 134.0157 | R38: 147.39026 | S38: 143.68054 | T38: 877.65842 | U38: - | V38: 24974.354 | W38: -
W40: J. Perin, 2016
W41: (j.perin@ulg.ac.be)

Sheet Do4A
D1: Classe de productivité 4, plantation 2.5 x 2 m
A3: Caractéristiques : | E3: Essence : douglas | K3: Plantation : 2.5 x 2 (85% de reprise) | R3: Rotation : 6 ans
E4: Classe IV (28 m à 50 ans) | K4: Cloisonnement : 1 ligne sur 9 | R4: Taux d'actualisation : 2 %
A5: Table de production
A6: Age | B6: Hdom | C6: Avant prélèvement | G6: Prélèvement | K6: Après prélèvement | O6: Accroissements | U6: h/d | V6: Ecl | W6: Dist
C7: Nha | D7: Cg | E7: Gha | F7: Vha | G7: Nha | H7: Cg | I7: Gha | J7: Vha | K7: Nha | L7: Cg | M7: Gha | N7: Vha | O7: ACC | P7: ACG | Q7: AMG | R7: ACV | S7: AMV | T7: PTV
A8: années | B8: m | C8: N/ha | D8: cm | E8: m²/ha | F8: m³/ha | G8: N/ha | H8: cm | I8: m²/ha | J8: m³/ha | K8: N/ha | L8: cm | M8: m²/ha | N8: m³/ha | O8: cm/ha/an | P8: m²/ha/an | Q8: m²/ha/an | R8: m³/ha/an | S8: m³/ha/an | T8: m³/ha | V8: % | W8: m
A9: 23 | B9: 13.482303 | C9: 1612.815 | D9: 45.696587 | E9: 26.800459 | F9: 150.02779 | G9: 526.515 | H9: 44.187088 | I9: 8.1807224 | J9: 45.233193 | K9: 1086.3 | L9: 46.410559 | M9: 18.619736 | N9: 104.7946 | O9: 1.9383769 | P9: 1.7409701 | Q9: 1.1652373 | R9: 16.884272 | S9: 6.5229476 | T9: 150.02779 | U9: 91.263507 | V9: 32.645716 | W9: 3.2603167
A10: 29 | B10: 16.906645 | C10: 1084.23 | D10: 58.040821 | E10: 29.065557 | F10: 206.10023 | G10: 273.87 | H10: 49.492052 | I10: 5.3383313 | J10: 35.684612 | K10: 810.36 | L10: 60.658185 | M10: 23.727225 | N10: 170.41562 | O10: 1.9222587 | P10: 1.6262724 | Q10: 1.2843545 | R10: 18.333722 | S10: 8.6666698 | T10: 251.33342 | U10: 87.562447 | V10: 25.259401 | W10: 3.7748151
A11: 35 | B11: 20.218879 | C11: 807.39 | D11: 72.191737 | E11: 33.48486 | F11: 280.41795 | G11: 189.9 | H11: 60.488453 | I11: 5.5291714 | J11: 44.36776 | K11: 617.49 | L11: 75.426692 | M11: 27.955688 | N11: 236.05019 | O11: 1.927402 | P11: 1.5138576 | Q11: 1.342969 | R11: 19.131742 | S11: 10.323879 | T11: 361.33576 | U11: 84.213532 | V11: 23.520232 | W11: 4.3243389
A12: 41 | B12: 23.356367 | C12: 615.06 | D12: 86.991104 | E12: 37.038834 | F12: 350.84064 | G12: 145.35 | H12: 74.400205 | I12: 6.4025567 | J12: 59.227071 | K12: 469.71 | L12: 90.533232 | M12: 30.636277 | N12: 291.61357 | O12: 1.9687183 | P12: 1.3943386 | Q12: 1.3679771 | R12: 19.230879 | S12: 11.612834 | T12: 476.12621 | U12: 81.048904 | V12: 23.631841 | W12: 4.9581514
A13: 47 | B13: 26.295428 | C13: 467.91 | D13: 102.34554 | E13: 39.002309 | F13: 406.99884 | G13: 105.03 | H13: 89.146922 | I13: 6.6422651 | J13: 68.278332 | K13: 362.88 | L13: 105.85904 | M13: 32.360044 | N13: 338.72051 | O13: 2.0209561 | P13: 1.283074 | Q13: 1.3713424 | R13: 18.985381 | S13: 12.585351 | T13: 591.51148 | U13: 78.037283 | V13: 22.446624 | W13: 5.6409619
A14: 53 | B14: 29.060241 | C14: 361.62 | D14: 117.98478 | E14: 40.058488 | F14: 452.6328 | G14: 71.19 | H14: 104.01117 | I14: 6.1287103 | J14: 68.609374 | K14: 290.43 | L14: 121.16431 | M14: 33.929778 | N14: 384.02342 | O14: 2.0504388 | P14: 1.1875376 | Q14: 1.3613497 | R14: 18.663185 | S14: 13.309882 | T14: 705.42377 | U14: 75.348461 | V14: 19.686411 | W14: 6.3054189
A15: 59 | B15: 31.660941 | C15: 289.62 | D15: 133.46694 | E15: 41.055003 | F15: 496.00253 | G15: 51.12 | H15: 118.15602 | I15: 5.6792727 | J15: 68.222487 | K15: 238.5 | L15: 136.5254 | M15: 35.375731 | N15: 427.78005 | O15: 2.0766007 | P15: 1.1067149 | Q15: 1.3436739 | R15: 18.328633 | S15: 13.854286 | T15: 817.40288 | U15: 72.855148 | V15: 17.650715 | W15: 6.9580972
A16: 65 | B16: 34.106295 | C16: 237.87 | D16: 148.985 | E16: 42.01602 | F16: 537.75184 | G16: 36.99 | H16: 134.57939 | I16: 5.3312807 | J16: 68.206602 | K16: 200.88 | L16: 151.48837 | M16: 36.684739 | N16: 469.54524 | O16: 2.0781564 | P16: 1.0382973 | Q16: 1.3218008 | R16: 17.995416 | S16: 14.267303 | T16: 927.37467 | U16: 70.730237 | V16: 15.550511 | W16: 7.5816954
A17: 71 | B17: 36.404045 | C17: 200.61 | D17: 163.95731 | E17: 42.914523 | F17: 577.51774 | G17: 28.62 | H17: 148.16475 | I17: 4.9997646 | J17: 67.242312 | K17: 171.99 | L17: 166.43991 | M17: 37.914758 | N17: 510.27542 | O17: 2.0813089 | P17: 0.97998923 | Q17: 1.2978427 | R17: 17.692783 | S17: 14.582354 | T17: 1035.3472 | U17: 68.713495 | V17: 14.266487 | W17: 8.1937571
A18: 77 | B18: 38.591413 | C18: 171.9 | D18: 178.92777 | E18: 43.794694 | F18: 616.43212 | G18: 22.41 | H18: 163.21084 | I18: 4.750398 | J18: 66.873764 | K18: 149.49 | L18: 181.1664 | M18: 39.044295 | N18: 549.55836 | O18: 2.0824142 | P18: 0.92853993 | Q18: 1.2730749 | R18: 17.398289 | S18: 14.824726 | T18: 1141.5039 | U18: 66.921073 | V18: 13.036649 | W18: 8.7887804
A19: 83 | B19: 40.676788 | C19: 149.49 | D19: 193.66089 | E19: 44.615535 | F19: 653.94809 | G19: 18.09 | H19: 176.24198 | I19: 4.4714401 | J19: 65.652027 | K19: 131.4 | L19: 195.93774 | M19: 40.144095 | N19: 588.29607 | O19: 2.0890126 | P19: 0.8833808 | Q19: 1.2481688 | R19: 17.129291 | S19: 15.010766 | T19: 1245.8936 | U19: 65.219646 | V19: 12.101144 | W19: 9.3742601
A20: 89 | B20: 42.661906 | C20: 131.4 | D20: 208.47181 | E20: 45.44438 | F20: 691.07181 | G20: 131.4 | H20: 208.47181 | I20: 45.44438 | J20: 691.07181 | K20: - | L20: - | M20: - | N20: - | O20: - | P20: - | Q20: 1.2235763 | R20: - | S20: 15.153588 | T20: 1348.6693 | U20: 64.289905 | V20: - | W20: -
A22: Distribution des volumes produits par classe de grosseur
A23: Age | B23: Hdom | C23: Classes de grosseur - Volume sur pied | K23: VMV | M23: Classes de grosseur - Volume prélevés | U23: VMP | W23: VMA totale
C24: 20-40 | D24: 40-60 | E24: 60-70 | F24: 70-90 | G24: 90-120 | H24: 120-150 | I24: 150-180 | J24: 180+ | K24: VMV | L24: VMA | M24: 20-40 | N24: 40-60 | O24: 60-70 | P24: 70-90 | Q24: 90-120 | R24: 120-150 | S24: 150-180 | T24: 180+ | U24: VMP | V24: VMA
A25: années | B25: m | C25: m³/ha | D25: m³/ha | E25: m³/ha | F25: m³/ha | G25: m³/ha | H25: m³/ha | I25: m³/ha | J25: m³/ha | K25: € /ha | L25: € /ha | M25: m³/ha | N25: m³/ha | O25: m³/ha | P25: m³/ha | Q25: m³/ha | R25: m³/ha | S25: m³/ha | T25: m³/ha | U25: € /ha | V25: € /ha | W25: € /ha
A26: 23 | B26: 13.482303 | C26: 28.599269 | D26: 89.023883 | E26: 27.273138 | F26: 4.8287656 | G26: 0 | H26: 0 | I26: 0 | J26: 0 | K26: 2211.8763 | L26: 1402.6745 | M26: 10.098691 | N26: 26.163915 | O26: 7.37921 | P26: 1.2886391 | Q26: 0 | R26: 0 | S26: 0 | T26: 0 | U26: 578.81662 | V26: 367.05999 | W26: 1402.6745
A27: 29 | B27: 16.906645 | C27: 8.8414338 | D27: 74.39686 | E27: 51.317771 | F27: 69.209276 | G27: 2.1833219 | H27: 0 | I27: 0 | J27: 0 | K27: 5269.7425 | L27: 2967.4569 | M27: 4.6778108 | N27: 17.773796 | O27: 5.6953697 | P27: 7.1922222 | Q27: 0.19384735 | R27: 0 | S27: 0 | T27: 0 | U27: 643.7365 | V27: 362.49594 | W27: 3334.5168
A28: 35 | B28: 20.218879 | C28: 2.1677549 | D28: 37.746834 | E28: 48.344847 | F28: 119.17334 | G28: 72.757782 | H28: 0 | I28: 0 | J28: 0 | K28: 10424.21 | L28: 5212.393 | M28: 1.4689792 | N28: 15.207362 | O28: 9.3071432 | P28: 11.820482 | Q28: 6.3364033 | R28: 0 | S28: 0 | T28: 0 | U28: 1143.4912 | V28: 571.77716 | W28: 5941.9489
A29: 41 | B29: 23.356367 | C29: 0.32291348 | D29: 12.936371 | E29: 25.360956 | F29: 113.57773 | G29: 181.06721 | H29: 17.167978 | I29: 0 | J29: 0 | K29: 16079.149 | L29: 7139.3066 | M29: 0.26336222 | N29: 7.7647369 | O29: 10.106254 | P29: 20.296567 | Q29: 18.515606 | R29: 1.8730626 | S29: 0 | T29: 0 | U29: 2074.8807 | V29: 921.26821 | W29: 8440.6396
A30: 47 | B30: 26.295428 | C30: 0 | D30: 3.1376877 | E30: 7.9848194 | F30: 64.055729 | G30: 219.3738 | H30: 112.00313 | I30: 0 | J30: 0 | K30: 21735.828 | L30: 8569.7494 | M30: 0 | N30: 2.138254 | O30: 4.3783312 | P30: 23.234758 | Q30: 27.687448 | R30: 10.395863 | S30: 0 | T30: 0 | U30: 2934.3805 | V30: 1156.9334 | W30: 10792.351
A31: 53 | B31: 29.060241 | C31: 0 | D31: 0.42672825 | E31: 1.9182226 | F31: 20.384524 | G31: 183.87679 | H31: 212.27499 | I31: 33.277135 | J31: 0 | K31: 27074.021 | L31: 9478.5884 | M31: 0 | N31: 0.28501492 | O31: 1.5373715 | P31: 10.19263 | Q31: 33.516567 | R31: 20.58973 | S31: 2.0136498 | T31: 0 | U31: 3388.6109 | V31: 1186.3494 | W31: 12858.123
A32: 59 | B32: 31.660941 | C32: 0 | D32: 0 | E32: 0.24916644 | F32: 5.5613369 | G32: 98.802466 | H32: 246.47247 | I32: 144.38191 | J32: 0 | K32: 32782.591 | L32: 10191.383 | M32: 0 | N32: 0 | O32: 0.21376968 | P32: 3.8479476 | Q32: 29.61978 | R32: 23.44744 | S32: 10.558365 | T32: 0 | U32: 3701.9794 | V32: 1150.8636 | W32: 14757.267
A33: 65 | B33: 34.106295 | C33: 0 | D33: 0 | E33: 0 | F33: 0.47302017 | G33: 30.381598 | H33: 226.52247 | I33: 238.51998 | J33: 41.206759 | K33: 38436.348 | L33: 10610.38 | M33: 0 | N33: 0 | O33: 0 | P33: 0.47302017 | Q33: 14.045614 | R33: 32.370911 | S33: 17.404963 | T33: 3.2640698 | U33: 4098.4724 | V33: 1131.3861 | W33: 16327.128
A34: 71 | B34: 36.404045 | C34: 0 | D34: 0 | E34: 0 | F34: 0 | G34: 7.098576 | H34: 124.76801 | I34: 288.05943 | J34: 157.02738 | K34: 44172.749 | L34: 10827.85 | M34: 0 | N34: 0 | O34: 0 | P34: 0 | Q34: 4.7375497 | R34: 31.23632 | S34: 20.767702 | T34: 9.9363962 | U34: 4323.0227 | V34: 1059.6814 | W34: 17675.984
A35: 77 | B35: 38.591413 | C35: 0 | D35: 0 | E35: 0 | F35: 0 | G35: 0.68531917 | H35: 42.688038 | I35: 258.99268 | J35: 313.54336 | K35: 49525.227 | L35: 10779.863 | M35: 0 | N35: 0 | O35: 0 | P35: 0 | Q35: 0.54367773 | R35: 16.231791 | S35: 33.682581 | T35: 15.892992 | U35: 4589.2198 | V35: 998.90832 | W35: 18687.678
A36: 83 | B36: 40.676788 | C36: 0 | D36: 0 | E36: 0 | F36: 0 | G36: 0 | H36: 8.2376621 | I36: 162.01775 | J36: 483.11076 | K36: 54204.244 | L36: 10476.568 | M36: 0 | N36: 0 | O36: 0 | P36: 0 | Q36: 0 | R36: 5.8280171 | S36: 32.74594 | T36: 26.496143 | U36: 4695.3479 | V36: 907.51439 | W36: 19383.292
A37: 89 | B37: 42.661906 | C37: 0 | D37: 0 | E37: 0 | F37: 0 | G37: 0 | H37: 0.47302904 | I37: 51.54601 | J37: 639.05277 | K37: 58479.511 | L37: 10036.642 | M37: 0 | N37: 0 | O37: 0 | P37: 0 | Q37: 0 | R37: 0.47302904 | S37: 51.54601 | T37: 639.05277 | U37: 58479.511 | V37: 10036.642 | W37: 19850.88
A38: Total | B38: - | C38: - | D38: - | E38: - | F38: - | G38: - | H38: - | I38: - | J38: - | K38: - | L38: - | M38: 16.508843 | N38: 69.333078 | O38: 38.617449 | P38: 78.346266 | Q38: 135.19649 | R38: 142.44616 | S38: 168.71921 | T38: 694.64237 | U38: - | V38: 19850.88 | W38: -
W40: J. Perin, 2016
W41: (j.perin@ulg.ac.be)

Sheet Do0B
D1: Classe de productivité 0, plantation 2 x 2 m
A3: Caractéristiques : | E3: Essence : douglas | K3: Plantation : 2 x 2 (85% de reprise) | R3: Rotation : 6 ans
E4: Classe 0 (44 m à 50 ans) | K4: Cloisonnement : 1 ligne sur 11 | R4: Taux d'actualisation : 2 %
A5: Table de production
A6: Age | B6: Hdom | C6: Avant prélèvement | G6: Prélèvement | K6: Après prélèvement | O6: Accroissements | U6: h/d | V6: Ecl | W6: Dist
C7: Nha | D7: Cg | E7: Gha | F7: Vha | G7: Nha | H7: Cg | I7: Gha | J7: Vha | K7: Nha | L7: Cg | M7: Gha | N7: Vha | O7: ACC | P7: ACG | Q7: AMG | R7: ACV | S7: AMV | T7: PTV
A8: années | B8: m | C8: N/ha | D8: cm | E8: m²/ha | F8: m³/ha | G8: N/ha | H8: cm | I8: m²/ha | J8: m³/ha | K8: N/ha | L8: cm | M8: m²/ha | N8: m³/ha | O8: cm/ha/an | P8: m²/ha/an | Q8: m²/ha/an | R8: m³/ha/an | S8: m³/ha/an | T8: m³/ha | V8: % | W8: m
A9: 13 | B9: 13.159977 | C9: 2013.62 | D9: 42.22478 | E9: 28.569487 | F9: 150.63388 | G9: 800.42 | H9: 39.333541 | I9: 9.8544902 | J9: 49.844007 | K9: 1213.2 | L9: 44.028472 | M9: 18.714997 | N9: 100.78988 | O9: 2.8495281 | P9: 2.8397491 | Q9: 2.1976528 | R9: 29.150164 | S9: 11.587222 | T9: 150.63388 | U9: 93.901255 | V9: 39.7503 | W9: 3.0850946
A10: 19 | B10: 18.946624 | C10: 1202.49 | D10: 61.125641 | E10: 35.753491 | F10: 275.69086 | G10: 479.25 | H10: 53.326572 | I10: 10.845251 | J10: 80.317259 | K10: 723.24 | L10: 65.786266 | M10: 24.908241 | N10: 195.3736 | O10: 2.8937593 | P10: 2.4193891 | Q10: 2.4004201 | R10: 30.901538 | S10: 17.133414 | T10: 325.53487 | U10: 90.478726 | V10: 39.854801 | W10: 3.9957054
A11: 25 | B11: 24.453373 | C11: 716.58 | D11: 83.148822 | E11: 39.424575 | F11: 380.78283 | G11: 239.31 | H11: 72.083069 | I11: 9.8950393 | J11: 93.449603 | K11: 477.27 | L11: 88.176159 | M11: 29.529536 | N11: 287.33323 | O11: 2.9346246 | P11: 2.1083886 | Q11: 2.4049726 | R11: 31.361138 | S11: 20.437764 | T11: 510.94409 | U11: 87.123934 | V11: 33.396132 | W11: 4.9187258
A12: 31 | B12: 29.581287 | C12: 473.67 | D12: 105.78391 | E12: 42.179868 | F12: 475.50005 | G12: 138.78 | H12: 91.571372 | I12: 9.2605432 | J12: 103.05173 | K12: 334.89 | L12: 111.14228 | M12: 32.919325 | N12: 372.44832 | O12: 2.9885797 | P12: 1.8674558 | Q12: 2.3475693 | R12: 31.085341 | S12: 22.551965 | T12: 699.11092 | U12: 83.615664 | V12: 29.298879 | W12: 5.8719668
A13: 37 | B13: 34.291245 | C13: 332.82 | D13: 129.07376 | E13: 44.12406 | F13: 558.96037 | G13: 86.58 | H13: 114.23212 | I13: 8.9905067 | J13: 113.489 | K13: 246.24 | L13: 133.90188 | M13: 35.133553 | N13: 445.47137 | O13: 3.0343332 | P13: 1.6674224 | Q13: 2.2697131 | R13: 30.220752 | S13: 23.935756 | T13: 885.62297 | U13: 80.453781 | V13: 26.014062 | W13: 6.847868
A14: 43 | B14: 38.565694 | C14: 245.16 | D14: 152.10788 | E14: 45.138088 | F14: 626.79588 | G14: 55.35 | H14: 134.9541 | I14: 8.0219492 | J14: 111.36778 | K14: 189.81 | L14: 156.75694 | M14: 37.116138 | N14: 515.4281 | O14: 3.0673715 | P14: 1.5121874 | Q14: 2.1856725 | R14: 29.348352 | S14: 24.812732 | T14: 1066.9475 | U14: 77.290166 | V14: 22.577093 | W14: 7.7996504
A15: 49 | B15: 42.462768 | C15: 189.18 | D15: 175.16117 | E15: 46.189263 | F15: 691.51821 | G15: 37.53 | H15: 155.98344 | I15: 7.2665069 | J15: 108.89928 | K15: 151.65 | L15: 179.59139 | M15: 38.922756 | N15: 582.61893 | O15: 3.0738878 | P15: 1.386777 | Q15: 2.1032049 | R15: 28.479078 | S15: 25.368114 | T15: 1243.0376 | U15: 74.280131 | V15: 19.838249 | W15: 8.7259652
A16: 55 | B16: 46.024902 | C16: 151.38 | D16: 198.03472 | E16: 47.243418 | F16: 753.4934 | G16: 26.28 | H16: 178.84904 | I16: 6.6894239 | J16: 106.96775 | K16: 125.1 | L16: 201.83343 | M16: 40.553994 | N16: 646.52565 | O16: 3.065869 | P16: 1.2823931 | Q16: 2.0250492 | R16: 27.617592 | S16: 25.707492 | T16: 1413.9121 | U16: 71.639022 | V16: 17.360285 | W16: 9.6074035
A17: 61 | B17: 49.287197 | C17: 125.01 | D17: 220.22864 | E17: 48.248352 | F17: 812.2312 | G17: 19.44 | H17: 200.55818 | I17: 6.2225321 | J17: 105.30244 | K17: 105.57 | L17: 223.66229 | M17: 42.02582 | N17: 706.92876 | O17: 3.0532079 | P17: 1.1943755 | Q17: 1.952001 | R17: 26.781631 | S17: 25.895371 | T17: 1579.6176 | U17: 69.229504 | V17: 15.550756 | W17: 10.45838
A18: 67 | B18: 52.264826 | C18: 105.57 | D18: 241.98154 | E18: 49.192073 | F18: 867.61855 | G18: 14.58 | H18: 223.44387 | I18: 5.7927469 | J18: 103.47152 | K18: 90.99 | L18: 244.82152 | M18: 43.399326 | N18: 764.14703 | O18: 3.0409268 | P18: 1.1182998 | Q18: 1.884154 | R18: 25.958418 | S18: 25.974737 | T18: 1740.3074 | U18: 67.06714 | V18: 13.810742 | W18: 11.265173
A19: 73 | B19: 54.94414 | C19: 90.99 | D19: 263.06708 | E19: 50.109125 | F19: 919.89754 | G19: 11.61 | H19: 242.87103 | I19: 5.4497151 | J19: 98.254293 | K19: 79.38 | L19: 265.89237 | M19: 44.65941 | N19: 821.64325 | O19: 3.033394 | P19: 1.0538553 | Q19: 1.821207 | R19: 25.308764 | S19: 25.973396 | T19: 1896.0579 | U19: 64.918036 | V19: 12.759644 | W19: 12.060884
A20: 79 | B20: 57.723951 | C20: 79.38 | D20: 284.09273 | E20: 50.982542 | F20: 973.49583 | G20: 79.38 | H20: 284.09273 | I20: 50.982542 | J20: 973.49583 | K20: - | L20: - | M20: - | N20: - | O20: - | P20: - | Q20: 1.7629272 | R20: - | S20: 25.922918 | T20: 2047.9105 | U20: 63.833079 | V20: - | W20: -
A22: Distribution des volumes produits par classe de grosseur
A23: Age | B23: Hdom | C23: Classes de grosseur - Volume sur pied | K23: VMV | M23: Classes de grosseur - Volume prélevés | U23: VMP | W23: VMA totale
C24: 20-40 | D24: 40-60 | E24: 60-70 | F24: 70-90 | G24: 90-120 | H24: 120-150 | I24: 150-180 | J24: 180+ | K24: VMV | L24: VMA | M24: 20-40 | N24: 40-60 | O24: 60-70 | P24: 70-90 | Q24: 90-120 | R24: 120-150 | S24: 150-180 | T24: 180+ | U24: VMP | V24: VMA
A25: années | B25: m | C25: m³/ha | D25: m³/ha | E25: m³/ha | F25: m³/ha | G25: m³/ha | H25: m³/ha | I25: m³/ha | J25: m³/ha | K25: € /ha | L25: € /ha | M25: m³/ha | N25: m³/ha | O25: m³/ha | P25: m³/ha | Q25: m³/ha | R25: m³/ha | S25: m³/ha | T25: m³/ha | U25: € /ha | V25: € /ha | W25: € /ha
A26: 13 | B26: 13.159977 | C26: 41.741259 | D26: 87.385402 | E26: 21.228498 | F26: 0 | G26: 0 | H26: 0 | I26: 0 | J26: 0 | K26: 1918.8699 | L26: 1483.3489 | M26: 19.253793 | N26: 24.809334 | O26: 5.5021549 | P26: 0 | Q26: 0 | R26: 0 | S26: 0 | T26: 0 | U26: 517.77946 | V26: 400.26036 | W26: 1483.3489
A27: 19 | B27: 18.946624 | C27: 9.655102 | D27: 78.79883 | E27: 62.332397 | F27: 101.73357 | G27: 22.749981 | H27: 0 | I27: 0 | J27: 0 | K27: 8021.1706 | L27: 5505.9782 | M27: 7.1969768 | N27: 34.95795 | O27: 13.403612 | P27: 20.553211 | Q27: 3.7845256 | R27: 0 | S27: 0 | T27: 0 | U27: 1707.5719 | V27: 1172.1299 | W27: 5906.2386
A28: 25 | B28: 24.453373 | C28: 1.2054097 | D28: 23.067582 | E28: 32.328006 | F28: 129.15289 | G28: 178.88411 | H28: 15.573477 | I28: 0 | J28: 0 | K28: 16813.341 | L28: 10248.25 | M28: 1.0329744 | N28: 14.191858 | O28: 14.60134 | P28: 33.15963 | Q28: 27.294617 | R28: 2.597827 | S28: 0 | T28: 0 | U28: 3199.8474 | V28: 1950.4058 | W28: 11820.641
A29: 31 | B29: 29.581287 | C29: 0 | D29: 5.2539092 | E29: 10.240607 | F29: 58.836382 | G29: 216.86024 | H29: 183.18982 | I29: 0.38893711 | J29: 0 | K29: 26201.231 | L29: 14181.311 | M29: 0 | N29: 4.1491782 | O29: 6.0646755 | P29: 25.703793 | Q29: 41.633823 | R29: 24.770105 | S29: 0 | T29: 0 | U29: 4613.9504 | V29: 2497.2821 | W29: 17704.107
A30: 37 | B30: 34.291245 | C30: 0 | D30: 0.40971015 | E30: 2.1812998 | F30: 17.138757 | G30: 116.26877 | H30: 262.2027 | I30: 159.70721 | J30: 0 | K30: 36444.246 | L30: 17515.503 | M30: 0 | N30: 0.3259202 | O30: 1.7202275 | P30: 10.472924 | Q30: 41.380612 | R30: 36.557974 | S30: 21.97943 | T30: 0 | U30: 6132.9684 | V30: 2947.5717 | W30: 23535.581
A31: 43 | B31: 38.565694 | C31: 0 | D31: 0 | E31: 0 | F31: 4.4551823 | G31: 41.674505 | H31: 187.11502 | I31: 275.82503 | J31: 116.62329 | K31: 45891.524 | L31: 19585.068 | M31: 0 | N31: 0 | O31: 0 | P31: 3.5310057 | Q31: 22.123012 | R31: 40.715869 | S31: 28.080187 | T31: 15.814858 | U31: 6817.4725 | V31: 2909.4842 | W31: 28552.718
A32: 49 | B32: 42.462768 | C32: 0 | D32: 0 | E32: 0 | F32: 0 | G32: 8.8465533 | H32: 73.101828 | I32: 273.88893 | J32: 334.61791 | K32: 54902.578 | L32: 20805.795 | M32: 0 | N32: 0 | O32: 0 | P32: 0 | Q32: 7.4244723 | R32: 31.638824 | S32: 38.840677 | T32: 29.932321 | U32: 7289.5941 | V32: 2762.4532 | W32: 32682.929
A33: 55 | B33: 46.024902 | C33: 0 | D33: 0 | E33: 0 | F33: 0 | G33: 0 | H33: 19.210962 | I33: 139.70125 | J33: 593.55727 | K33: 62625.677 | L33: 21073.806 | M33: 0 | N33: 0 | O33: 0 | P33: 0 | Q33: 0 | R33: 11.514067 | S33: 45.337929 | T33: 49.091837 | U33: 7669.1163 | V33: 2580.6902 | W33: 35713.394
A34: 61 | B34: 49.287197 | C34: 0 | D34: 0 | E34: 0 | F34: 0 | G34: 0 | H34: 2.3110257 | I34: 31.080798 | J34: 777.66792 | K34: 68841.939 | L34: 20570.394 | M34: 0 | N34: 0 | O34: 0 | P34: 0 | Q34: 0 | R34: 1.786384 | S34: 16.970545 | T34: 85.374048 | U34: 7911.6099 | V34: 2364.0377 | W34: 37790.672
A35: 67 | B35: 52.264826 | C35: 0 | D35: 0 | E35: 0 | F35: 0 | G35: 0 | H35: 0 | I35: 3.6277696 | J35: 862.20274 | K35: 73782.122 | L35: 19576.707 | M35: 0 | N35: 0 | O35: 0 | P35: 0 | Q35: 0 | R35: 0 | S35: 2.1039386 | T35: 99.579538 | U35: 7864.6899 | V35: 2086.7484 | W35: 39161.022
A36: 73 | B36: 54.94414 | C36: 0 | D36: 0 | E36: 0 | F36: 0 | G36: 0 | H36: 0 | I36: 0 | J36: 921.23349 | K36: 78535.155 | L36: 18503.401 | M36: 0 | N36: 0 | O36: 0 | P36: 0 | Q36: 0 | R36: 0 | S36: 0 | T36: 99.590246 | U36: 7718.244 | V36: 1818.4693 | W36: 40174.465
A37: 79 | B37: 57.723951 | C37: 0 | D37: 0 | E37: 0 | F37: 0 | G37: 0 | H37: 0 | I37: 0 | J37: 973.49583 | K37: 82990.52 | L37: 17362.606 | M37: 0 | N37: 0 | O37: 0 | P37: 0 | Q37: 0 | R37: 0 | S37: 0 | T37: 973.49583 | U37: 82990.52 | V37: 17362.606 | W37: 40852.139
A38: Total | B38: - | C38: - | D38: - | E38: - | F38: - | G38: - | H38: - | I38: - | J38: - | K38: - | L38: - | M38: 27.483744 | N38: 78.43424 | O38: 41.29201 | P38: 93.420564 | Q38: 143.64106 | R38: 149.58105 | S38: 153.31271 | T38: 1352.8787 | U38: - | V38: 40852.139 | W38: -
W40: J. Perin, 2016
W41: (j.perin@ulg.ac.be)

Sheet Do1B
D1: Classe de productivité 1, plantation 2 x 2 m
A3: Caractéristiques : | E3: Essence : douglas | K3: Plantation : 2 x 2 (85% de reprise) | R3: Rotation : 6 ans
E4: Classe I (40 m à 50 ans) | K4: Cloisonnement : 1 ligne sur 11 | R4: Taux d'actualisation : 2 %
A5: Table de production
A6: Age | B6: Hdom | C6: Avant prélèvement | G6: Prélèvement | K6: Après prélèvement | O6: Accroissements | U6: h/d | V6: Ecl | W6: Dist
C7: Nha | D7: Cg | E7: Gha | F7: Vha | G7: Nha | H7: Cg | I7: Gha | J7: Vha | K7: Nha | L7: Cg | M7: Gha | N7: Vha | O7: ACC | P7: ACG | Q7: AMG | R7: ACV | S7: AMV | T7: PTV
A8: années | B8: m | C8: N/ha | D8: cm | E8: m²/ha | F8: m³/ha | G8: N/ha | H8: cm | I8: m²/ha | J8: m³/ha | K8: N/ha | L8: cm | M8: m²/ha | N8: m³/ha | O8: cm/ha/an | P8: m²/ha/an | Q8: m²/ha/an | R8: m³/ha/an | S8: m³/ha/an | T8: m³/ha | V8: % | W8: m
A9: 15 | B9: 13.524613 | C9: 2011.72 | D9: 43.058617 | E9: 29.680952 | F9: 160.97752 | G9: 799.69 | H9: 40.077587 | I9: 10.221507 | J9: 53.278096 | K9: 1212.03 | L9: 44.917282 | M9: 19.459445 | N9: 107.69943 | O9: 2.5504308 | P9: 2.5416804 | Q9: 1.9787301 | R9: 26.086626 | S9: 10.731835 | T9: 160.97752 | U9: 94.593489 | V9: 39.751556 | W9: 3.0865833
A10: 21 | B10: 18.692188 | C10: 1202.76 | D10: 60.219867 | E10: 34.709527 | F10: 264.21918 | G10: 454.86 | H10: 52.50223 | I10: 9.9775378 | J10: 72.818065 | K10: 747.9 | L10: 64.463323 | M10: 24.731989 | N10: 191.40112 | O10: 2.5944744 | P10: 2.1891146 | Q10: 2.1395731 | R10: 27.333065 | S10: 15.118918 | T10: 317.49728 | U10: 91.095585 | V10: 37.818019 | W10: 3.9292795
A11: 27 | B11: 23.599682 | C11: 742.95 | D11: 80.03017 | E11: 37.866677 | F11: 355.39951 | G11: 235.08 | H11: 68.302862 | I11: 8.7273748 | J11: 79.616854 | K11: 507.87 | L11: 84.911835 | M11: 29.139302 | N11: 275.78265 | O11: 2.6415462 | P11: 1.9422167 | Q11: 2.1505823 | R11: 27.918298 | S11: 17.833173 | T11: 481.49567 | U11: 87.314785 | V11: 31.641429 | W11: 4.7682433
A12: 33 | B12: 28.188262 | C12: 504.9 | D12: 100.76111 | E12: 40.792602 | F12: 443.29244 | G12: 142.02 | H12: 86.369881 | I12: 8.4307127 | J12: 90.183607 | K12: 362.88 | L12: 105.86206 | M12: 32.36189 | N12: 353.10883 | O12: 2.6942852 | P12: 1.7410587 | Q12: 2.1126976 | R12: 27.798399 | S12: 19.666832 | T12: 649.00546 | U12: 83.652287 | V12: 28.128342 | W12: 5.6409619
A13: 39 | B13: 32.411903 | C13: 361.26 | D13: 122.02777 | E13: 42.808242 | F13: 519.89923 | G13: 93.24 | H13: 105.75556 | I13: 8.2984848 | J13: 99.685196 | K13: 268.02 | L13: 127.20151 | M13: 34.509757 | N13: 420.21404 | O13: 2.7554662 | P13: 1.5700834 | Q13: 2.0555224 | R13: 27.194664 | S13: 20.917842 | T13: 815.79585 | U13: 80.050145 | V13: 25.809666 | W13: 6.5637357
A14: 45 | B14: 36.306131 | C14: 267.21 | D14: 143.73431 | E14: 43.930257 | F14: 583.38202 | G14: 59.4 | H14: 126.1064 | I14: 7.5171093 | J14: 99.381982 | K14: 207.81 | L14: 148.3887 | M14: 36.413148 | N14: 484.00004 | O14: 2.8115745 | P14: 1.4322214 | Q14: 1.9907972 | R14: 26.511594 | S14: 21.754752 | T14: 978.96384 | U14: 76.865069 | V14: 22.229707 | W14: 7.4542072
A15: 51 | B15: 39.866704 | C15: 207.09 | D15: 165.25815 | E15: 45.006476 | F15: 643.0696 | G15: 39.42 | H15: 148.43278 | I15: 6.9114057 | J15: 98.912898 | K15: 167.67 | L15: 168.97079 | M15: 38.095071 | N15: 544.1567 | O15: 2.8174726 | P15: 1.3174724 | Q15: 1.9250824 | R15: 25.759022 | S15: 22.31438 | T15: 1138.0334 | U15: 74.122245 | V15: 19.035202 | W15: 8.2986415
A16: 57 | B16: 43.113682 | C16: 167.31 | D16: 185.87563 | E16: 45.999905 | F16: 698.71084 | G16: 28.8 | H16: 165.81084 | I16: 6.3009856 | J16: 95.564606 | K16: 138.51 | L16: 189.78143 | M16: 39.69892 | N16: 603.14623 | O16: 2.8153774 | P16: 1.2251756 | Q16: 1.8611235 | R16: 25.105074 | S16: 22.676974 | T16: 1292.5875 | U16: 71.369273 | V16: 17.213556 | W16: 9.1304907
A17: 63 | B17: 46.138831 | C17: 138.42 | D17: 206.67369 | E17: 47.049973 | F17: 753.77667 | G17: 21.33 | H17: 186.7768 | I17: 5.9214337 | J17: 95.039794 | K17: 117.09 | L17: 210.09546 | M17: 41.128539 | N17: 658.73688 | O17: 2.812003 | P17: 1.1451693 | Q17: 1.800557 | R17: 24.43478 | S17: 22.908222 | T17: 1443.218 | U17: 68.992167 | V17: 15.409623 | W17: 9.9305838
A18: 69 | B18: 48.921211 | C18: 117.09 | D18: 226.96748 | E18: 47.999555 | F18: 805.34556 | G18: 15.75 | H18: 211.05929 | I18: 5.5831544 | J18: 94.415643 | K18: 101.34 | L18: 229.34084 | M18: 42.416401 | N18: 710.92992 | O18: 2.8023101 | P18: 1.0745674 | Q18: 1.7435668 | R18: 23.75181 | S18: 23.040966 | T18: 1589.8267 | U18: 67.014022 | V18: 13.451191 | W18: 10.674419
A19: 75 | B19: 51.468625 | C19: 101.34 | D19: 246.1547 | E19: 48.863806 | F19: 853.44078 | G19: 12.78 | H19: 226.44126 | I19: 5.2147336 | J19: 91.701451 | K19: 88.56 | L19: 248.87062 | M19: 43.649072 | N19: 761.73932 | O19: 2.7990144 | P19: 1.014958 | Q19: 1.6900468 | R19: 23.154032 | S19: 23.097834 | T19: 1732.3375 | U19: 64.970888 | V19: 12.611012 | W19: 11.418679
A20: 81 | B20: 53.849317 | C20: 88.56 | D20: 265.66471 | E20: 49.73882 | F20: 900.66352 | G20: 88.56 | H20: 265.66471 | I20: 49.73882 | J20: 900.66352 | K20: - | L20: - | M20: - | N20: - | O20: - | P20: - | Q20: 1.6400402 | R20: - | S20: 23.101996 | T20: 1871.2617 | U20: 63.678995 | V20: - | W20: -
A22: Distribution des volumes produits par classe de grosseur
A23: Age | B23: Hdom | C23: Classes de grosseur - Volume sur pied | K23: VMV | M23: Classes de grosseur - Volume prélevés | U23: VMP | W23: VMA totale
C24: 20-40 | D24: 40-60 | E24: 60-70 | F24: 70-90 | G24: 90-120 | H24: 120-150 | I24: 150-180 | J24: 180+ | K24: VMV | L24: VMA | M24: 20-40 | N24: 40-60 | O24: 60-70 | P24: 70-90 | Q24: 90-120 | R24: 120-150 | S24: 150-180 | T24: 180+ | U24: VMP | V24: VMA
A25: années | B25: m | C25: m³/ha | D25: m³/ha | E25: m³/ha | F25: m³/ha | G25: m³/ha | H25: m³/ha | I25: m³/ha | J25: m³/ha | K25: € /ha | L25: € /ha | M25: m³/ha | N25: m³/ha | O25: m³/ha | P25: m³/ha | Q25: m³/ha | R25: m³/ha | S25: m³/ha | T25: m³/ha | U25: € /ha | V25: € /ha | W25: € /ha
A26: 15 | B26: 13.524613 | C26: 41.079784 | D26: 92.857738 | E26: 25.588876 | F26: 1.1421037 | G26: 0 | H26: 0 | I26: 0 | J26: 0 | K26: 2143.7146 | L26: 1592.8115 | M26: 19.405445 | N26: 26.433275 | O26: 6.8686275 | P26: 0.2617267 | Q26: 0 | R26: 0 | S26: 0 | T26: 0 | U26: 578.58539 | V26: 429.89747 | W26: 1592.8115
A27: 21 | B27: 18.692188 | C27: 10.408368 | D27: 79.875383 | E27: 60.85422 | F27: 95.189916 | G27: 17.484122 | H27: 0 | I27: 0 | J27: 0 | K27: 7457.8725 | L27: 4920.5239 | M27: 7.1827641 | N27: 33.465715 | O27: 12.27962 | P27: 16.298208 | Q27: 3.184585 | R27: 0 | S27: 0 | T27: 0 | U27: 1476.2444 | V27: 973.99039 | W27: 5350.4214
A28: 27 | B28: 23.599682 | C28: 1.6355215 | D28: 26.454024 | E28: 36.732364 | F28: 130.14873 | G28: 158.90563 | H28: 1.0658916 | I28: 0 | J28: 0 | K28: 15009.117 | L28: 8793.2722 | M28: 1.2723845 | N28: 15.536588 | O28: 15.020438 | P28: 26.383957 | Q28: 20.83944 | R28: 0.10669397 | S28: 0 | T28: 0 | U28: 2516.4343 | V28: 1474.2833 | W28: 10197.16
A29: 33 | B29: 28.188262 | C29: 0.058490467 | D29: 6.6818255 | E29: 12.329489 | F29: 70.002977 | G29: 222.5627 | H29: 131.00856 | I29: 0 | J29: 0 | K29: 23556.765 | L29: 12254.906 | M29: 0.058490467 | N29: 5.0754462 | O29: 7.3228978 | P29: 27.164954 | Q29: 33.035021 | R29: 16.878395 | S29: 0 | T29: 0 | U29: 3826.516 | V29: 1990.6635 | W29: 15133.077
A30: 39 | B30: 32.411903 | C30: 0 | D30: 0.91827727 | E30: 2.4684325 | F30: 23.202072 | G30: 159.72677 | H30: 245.38959 | I30: 87.57757 | J30: 0 | K30: 32315.21 | L30: 14927.954 | M30: 0 | N30: 0.75944807 | O30: 1.8445053 | P30: 13.136788 | Q30: 50.381472 | R30: 24.244954 | S30: 8.7015131 | T30: 0 | U30: 5000.1674 | V30: 2309.8184 | W30: 19796.789
A31: 45 | B31: 36.306131 | C31: 0 | D31: 0 | E31: 0.31719232 | F31: 5.3987572 | G31: 57.050893 | H31: 233.60935 | I31: 246.37955 | J31: 39.835985 | K31: 40996.918 | L31: 16816.805 | M31: 0 | N31: 0 | O31: 0.31719232 | P31: 4.1752893 | Q31: 27.007233 | R31: 38.257247 | S31: 25.109335 | T31: 3.725391 | U31: 5788.3598 | V31: 2374.3667 | W31: 23995.458
A32: 51 | B32: 39.866704 | C32: 0 | D32: 0 | E32: 0 | F32: 0 | G32: 15.115974 | H32: 120.9772 | I32: 292.76345 | J32: 213.20065 | K32: 49492.445 | L32: 18027.278 | M32: 0 | N32: 0 | O32: 0 | P32: 0 | Q32: 9.6466707 | R32: 37.9736 | S32: 28.775532 | T32: 21.504758 | U32: 6417.5388 | V32: 2337.5437 | W32: 27580.298
A33: 57 | B33: 43.113682 | C33: 0 | D33: 0 | E33: 0 | F33: 0 | G33: 1.049631 | H33: 32.832981 | I33: 231.12269 | J33: 433.01425 | K33: 56932.732 | L33: 18414.174 | M33: 0 | N33: 0 | O33: 0 | P33: 0 | Q33: 0.89924035 | R33: 18.868319 | S33: 48.09963 | T33: 27.00613 | U33: 6634.7622 | V33: 2145.9301 | W33: 30304.737
A34: 63 | B34: 46.138831 | C34: 0 | D34: 0 | E34: 0 | F34: 0 | G34: 0 | H34: 5.2748525 | I34: 77.836769 | J34: 669.83857 | K34: 63445.31 | L34: 18221.692 | M34: 0 | N34: 0 | O34: 0 | P34: 0 | Q34: 0 | R34: 4.15013 | S34: 35.320544 | T34: 54.742639 | U34: 6964.0004 | V34: 2000.0827 | W34: 32258.186
A35: 69 | B35: 48.921211 | C35: 0 | D35: 0 | E35: 0 | F35: 0 | G35: 0 | H35: 0.74430222 | I35: 10.486566 | J35: 792.95336 | K35: 68455.863 | L35: 17458.173 | M35: 0 | N35: 0 | O35: 0 | P35: 0 | Q35: 0 | R35: 0.74430222 | S35: 5.6598259 | T35: 86.850182 | U35: 7171.735 | V35: 1828.9944 | W35: 33494.75
A36: 75 | B36: 51.468625 | C36: 0 | D36: 0 | E36: 0 | F36: 0 | G36: 0 | H36: 0 | I36: 0 | J36: 852.35879 | K36: 72663.587 | L36: 16455.23 | M36: 0 | N36: 0 | O36: 0 | P36: 0 | Q36: 0 | R36: 0 | S36: 0 | T36: 90.619468 | U36: 7023.0088 | V36: 1590.4145 | W36: 34320.801
A37: 81 | B37: 53.849317 | C37: 0 | D37: 0 | E37: 0 | F37: 0 | G37: 0 | H37: 0 | I37: 0 | J37: 900.66352 | K37: 76781.565 | L37: 15439.849 | M37: 0 | N37: 0 | O37: 0 | P37: 0 | Q37: 0 | R37: 0 | S37: 0 | T37: 900.66352 | U37: 76781.565 | V37: 15439.849 | W37: 34895.834
A38: Total | B38: - | C38: - | D38: - | E38: - | F38: - | G38: - | H38: - | I38: - | J38: - | K38: - | L38: - | M38: 27.919084 | N38: 81.270472 | O38: 43.653281 | P38: 87.420923 | Q38: 144.99366 | R38: 141.22364 | S38: 151.66638 | T38: 1185.1121 | U38: - | V38: 34895.834 | W38: -
W40: J. Perin, 2016
W41: (j.perin@ulg.ac.be)

Sheet Do2B
D1: Classe de productivité 2, plantation 2 x 2 m
A3: Caractéristiques : | E3: Essence : douglas | K3: Plantation : 2 x 2 (85% de reprise) | R3: Rotation : 6 ans
E4: Classe II (36 m à 50 ans) | K4: Cloisonnement : 1 ligne sur 11 | R4: Taux d'actualisation : 2 %
A5: Table de production
A6: Age | B6: Hdom | C6: Avant prélèvement | G6: Prélèvement | K6: Après prélèvement | O6: Accroissements | U6: h/d | V6: Ecl | W6: Dist
C7: Nha | D7: Cg | E7: Gha | F7: Vha | G7: Nha | H7: Cg | I7: Gha | J7: Vha | K7: Nha | L7: Cg | M7: Gha | N7: Vha | O7: ACC | P7: ACG | Q7: AMG | R7: ACV | S7: AMV | T7: PTV
A8: années | B8: m | C8: N/ha | D8: cm | E8: m²/ha | F8: m³/ha | G8: N/ha | H8: cm | I8: m²/ha | J8: m³/ha | K8: N/ha | L8: cm | M8: m²/ha | N8: m³/ha | O8: cm/ha/an | P8: m²/ha/an | Q8: m²/ha/an | R8: m³/ha/an | S8: m³/ha/an | T8: m³/ha | V8: % | W8: m
A9: 17 | B9: 13.495534 | C9: 2010.865 | D9: 43.067152 | E9: 29.680099 | F9: 160.72424 | G9: 799.285 | H9: 40.226007 | I9: 10.292139 | J9: 53.679157 | K9: 1211.58 | L9: 44.843029 | M9: 19.38796 | N9: 107.04508 | O9: 2.3122413 | P9: 2.2774123 | Q9: 1.7458882 | R9: 22.921543 | S9: 9.4543668 | T9: 160.72424 | U9: 94.546405 | V9: 39.748317 | W9: 3.0871564
A10: 23 | B10: 18.071351 | C10: 1204.74 | D10: 58.716477 | E10: 33.052434 | F10: 244.57434 | G10: 415.08 | H10: 51.03806 | I10: 8.6041953 | J10: 60.815453 | K10: 789.66 | L10: 62.374726 | M10: 24.448239 | N10: 183.75888 | O10: 2.33225 | P10: 2.0006502 | Q10: 1.8845467 | R10: 24.133593 | S10: 12.967543 | T10: 298.25349 | U10: 91.018953 | V10: 34.453907 | W10: 3.8239712
A11: 29 | B11: 22.425704 | C11: 785.43 | D11: 76.368226 | E11: 36.45214 | F11: 328.56044 | G11: 230.4 | H11: 65.461223 | I11: 7.8567121 | J11: 68.710556 | K11: 555.03 | L11: 80.462774 | M11: 28.595428 | N11: 259.84988 | O11: 2.3664978 | P11: 1.7908816 | Q11: 1.9085681 | R11: 24.6607 | S11: 15.27776 | T11: 443.05505 | U11: 87.559033 | V11: 29.33425 | W11: 4.5611721
A12: 35 | B12: 26.507746 | C12: 551.7 | D12: 94.66176 | E12: 39.340717 | F12: 407.81408 | G12: 147.24 | H12: 81.13094 | I12: 7.7123896 | J12: 78.387758 | K12: 404.46 | L12: 99.130035 | M12: 31.628328 | N12: 329.42632 | O12: 2.4127162 | P12: 1.618121 | Q12: 1.8883933 | R12: 24.625882 | S12: 16.886264 | T12: 591.01925 | U12: 84.007374 | V12: 26.688418 | W12: 5.3431442
A13: 41 | B13: 30.299626 | C13: 402.48 | D13: 113.60633 | E13: 41.337054 | F13: 477.18162 | G13: 99.18 | H13: 98.941043 | I13: 7.7262225 | J13: 88.316999 | K13: 303.3 | L13: 118.00716 | M13: 33.610831 | N13: 388.86462 | O13: 2.4713426 | P13: 1.4709484 | Q13: 1.8488412 | R13: 24.175623 | S13: 18.018891 | T13: 738.77454 | U13: 80.663821 | V13: 24.642218 | W13: 6.1701892
A14: 47 | B14: 33.786043 | C14: 302.22 | D14: 132.83521 | E14: 42.436521 | F14: 533.91836 | G14: 65.16 | H14: 116.33857 | I14: 7.018086 | J14: 87.729217 | K14: 237.06 | L14: 137.02206 | M14: 35.418435 | N14: 446.18914 | O14: 2.5086039 | P14: 1.3515506 | Q14: 1.8005996 | R14: 23.678428 | S14: 18.804857 | T14: 883.82828 | U14: 77.46343 | V14: 21.560453 | W14: 6.9791984
A15: 53 | B15: 37.015272 | C15: 236.52 | D15: 152.07368 | E15: 43.527739 | F15: 588.25971 | G15: 45.18 | H15: 134.13767 | I15: 6.4690106 | J15: 86.917293 | K15: 191.34 | L15: 156.00816 | M15: 37.058729 | N15: 501.34242 | O15: 2.5387439 | P15: 1.2475056 | Q15: 1.7497638 | R15: 23.096137 | S15: 19.356582 | T15: 1025.8988 | U15: 74.538991 | V15: 19.101979 | W15: 7.7684039
A16: 59 | B16: 40.023278 | C16: 190.89 | D16: 171.24062 | E16: 44.543762 | F16: 639.91924 | G16: 31.77 | H16: 154.22725 | I16: 6.0135311 | J16: 86.43985 | K16: 159.12 | L16: 174.43891 | M16: 38.530231 | N16: 553.47939 | O16: 2.5384384 | P16: 1.1617523 | Q16: 1.6986867 | R16: 22.528412 | S16: 19.736876 | T16: 1164.4757 | U16: 72.08073 | V16: 16.643093 | W16: 8.5186799
A17: 65 | B17: 42.786904 | C17: 158.94 | D17: 189.66954 | E17: 45.500745 | F17: 688.64986 | G17: 24.03 | H17: 170.93159 | I17: 5.5871273 | J17: 84.625652 | K17: 134.91 | L17: 192.81615 | M17: 39.913618 | N17: 604.02421 | O17: 2.5357002 | P17: 1.0912149 | Q17: 1.6491236 | R17: 22.030509 | S17: 19.994556 | T17: 1299.6461 | U17: 69.713571 | V17: 15.118913 | W17: 9.2515098
A18: 71 | B18: 45.367106 | C18: 134.91 | D18: 208.03035 | E18: 46.460907 | F18: 736.20726 | G18: 18.54 | H18: 189.15476 | I18: 5.2787905 | J18: 84.018347 | K18: 116.37 | L18: 210.88163 | M18: 41.182117 | N18: 652.18892 | O18: 2.5407331 | P18: 1.0282039 | Q18: 1.6019764 | R18: 21.517895 | S18: 20.166608 | T18: 1431.8292 | U18: 67.585293 | V18: 13.742495 | W18: 9.9612575
A19: 77 | B19: 47.759745 | C19: 116.37 | D19: 226.12603 | E19: 47.35134 | F19: 781.29629 | G19: 14.76 | H19: 205.42242 | I19: 4.9564664 | J19: 82.059251 | K19: 101.61 | L19: 228.9778 | M19: 42.394874 | N19: 699.23704 | O19: 2.5458153 | P19: 0.97415084 | Q19: 1.5572668 | R19: 21.061983 | S19: 20.271903 | T19: 1560.9366 | U19: 65.526729 | V19: 12.683681 | W19: 10.660227
A20: 83 | B20: 50.01806 | C20: 101.61 | D20: 244.25269 | E20: 48.239779 | F20: 825.60893 | G20: 101.61 | H20: 244.25269 | I20: 48.239779 | J20: 825.60893 | K20: - | L20: - | M20: - | N20: - | O20: - | P20: - | Q20: 1.5151139 | R20: - | S20: 20.329018 | T20: 1687.3085 | U20: 64.333525 | V20: - | W20: -
A22: Distribution des volumes produits par classe de grosseur
A23: Age | B23: Hdom | C23: Classes de grosseur - Volume sur pied | K23: VMV | M23: Classes de grosseur - Volume prélevés | U23: VMP | W23: VMA totale
C24: 20-40 | D24: 40-60 | E24: 60-70 | F24: 70-90 | G24: 90-120 | H24: 120-150 | I24: 150-180 | J24: 180+ | K24: VMV | L24: VMA | M24: 20-40 | N24: 40-60 | O24: 60-70 | P24: 70-90 | Q24: 90-120 | R24: 120-150 | S24: 150-180 | T24: 180+ | U24: VMP | V24: VMA
A25: années | B25: m | C25: m³/ha | D25: m³/ha | E25: m³/ha | F25: m³/ha | G25: m³/ha | H25: m³/ha | I25: m³/ha | J25: m³/ha | K25: € /ha | L25: € /ha | M25: m³/ha | N25: m³/ha | O25: m³/ha | P25: m³/ha | Q25: m³/ha | R25: m³/ha | S25: m³/ha | T25: m³/ha | U25: € /ha | V25: € /ha | W25: € /ha
A26: 17 | B26: 13.495534 | C26: 40.815264 | D26: 93.957159 | E26: 24.416745 | F26: 1.235984 | G26: 0 | H26: 0 | I26: 0 | J26: 0 | K26: 2131.482 | L26: 1522.2247 | M26: 19.186403 | N26: 27.445628 | O26: 6.4871104 | P26: 0.26093219 | Q26: 0 | R26: 0 | S26: 0 | T26: 0 | U26: 581.02449 | V26: 414.94594 | W26: 1522.2247
A27: 23 | B27: 18.071351 | C27: 10.76469 | D27: 82.228612 | E27: 59.648625 | F27: 83.461413 | G27: 8.1408175 | H27: 0 | I27: 0 | J27: 0 | K27: 6489.068 | L27: 4115.0808 | M27: 7.1128408 | N27: 29.137249 | O27: 9.7676002 | P27: 13.377488 | Q27: 1.0900964 | R27: 0 | S27: 0 | T27: 0 | U27: 1158.4176 | V27: 734.61735 | W27: 4530.0268
A28: 29 | B28: 22.425704 | C28: 2.0752355 | D28: 30.818585 | E28: 44.701382 | F28: 130.87258 | G28: 119.69394 | H28: 0 | I28: 0 | J28: 0 | K28: 13177.081 | L28: 7420.1764 | M28: 1.5871437 | N28: 15.848143 | O28: 15.021098 | P28: 20.46675 | Q28: 15.388711 | R28: 0 | S28: 0 | T28: 0 | U28: 2034.555 | V28: 1145.683 | W28: 8569.7397
A29: 35 | B29: 26.507746 | C29: 0.21934684 | D29: 9.6557572 | E29: 16.156028 | F29: 91.669778 | G29: 213.44315 | H29: 76.190291 | I29: 0 | J29: 0 | K29: 20490.866 | L29: 10245.999 | M29: 0.18492239 | N29: 6.3725785 | O29: 8.5447226 | P29: 27.640987 | Q29: 26.948463 | R29: 8.2163582 | S29: 0 | T29: 0 | U29: 3079.2223 | V29: 1539.6962 | W29: 12541.245
A30: 41 | B30: 30.299626 | C30: 0 | D30: 2.0900158 | E30: 4.6981491 | F30: 34.039166 | G30: 198.51903 | H30: 207.286 | I30: 29.856566 | J30: 0 | K30: 27900.434 | L30: 12388.077 | M30: 0 | N30: 1.678643 | O30: 3.2744188 | P30: 16.576805 | Q30: 40.893519 | R30: 20.246037 | S30: 4.9548793 | T30: 0 | U30: 4219.4942 | V30: 1873.4985 | W30: 16223.02
A31: 47 | B31: 33.786043 | C31: 0 | D31: 0.057748188 | E31: 0.73839238 | F31: 10.070552 | G31: 104.10069 | H31: 253.28323 | I31: 164.99882 | J31: 0 | K31: 35295.311 | L31: 13915.824 | M31: 0 | N31: 0.057748188 | O31: 0.66164013 | P31: 6.6298292 | Q31: 33.412814 | R31: 31.462282 | S31: 14.835977 | T31: 0 | U31: 4777.5624 | V31: 1883.6417 | W31: 19624.265
A32: 53 | B32: 37.015272 | C32: 0 | D32: 0 | E32: 0 | F32: 1.4801635 | G32: 32.300509 | H32: 200.39247 | I32: 264.92248 | J32: 88.637839 | K32: 42930.068 | L32: 15029.775 | M32: 0 | N32: 0 | O32: 0 | P32: 1.2261439 | Q32: 15.901742 | R32: 43.780069 | S32: 20.960139 | T32: 4.5229503 | U32: 5245.8556 | V32: 1836.5689 | W32: 22621.857
A33: 59 | B33: 40.023278 | C33: 0 | D33: 0 | E33: 0 | F33: 0 | G33: 5.4992447 | H33: 92.87555 | I33: 271.75535 | J33: 269.00452 | K33: 50274.919 | L33: 15629.362 | M33: 0 | N33: 0 | O33: 0 | P33: 0 | Q33: 3.2313801 | R33: 34.857017 | S33: 27.690566 | T33: 19.876312 | U33: 5723.6653 | V33: 1779.3611 | W33: 25058.013
A34: 65 | B34: 42.786904 | C34: 0 | D34: 0 | E34: 0 | F34: 0 | G34: 0.15051854 | H34: 26.632265 | I34: 188.14066 | J34: 473.00786 | K34: 56576.345 | L34: 15617.939 | M34: 0 | N34: 0 | O34: 0 | P34: 0 | Q34: 0.15051854 | R34: 13.556395 | S34: 42.208952 | T34: 27.99123 | U34: 5944.4803 | V34: 1640.9779 | W34: 26825.952
A35: 71 | B35: 45.367106 | C35: 0 | D35: 0 | E35: 0 | F35: 0 | G35: 0 | H35: 3.7051909 | I35: 72.300899 | J35: 659.29634 | K35: 62016.725 | L35: 15201.857 | M35: 0 | N35: 0 | O35: 0 | P35: 0 | Q35: 0 | R35: 2.9736459 | S35: 29.051542 | T35: 51.088326 | U35: 6171.3719 | V35: 1512.7582 | W35: 28050.847
A36: 77 | B36: 47.759745 | C36: 0 | D36: 0 | E36: 0 | F36: 0 | G36: 0 | H36: 0 | I36: 14.11481 | J36: 766.39432 | K36: 66421.956 | L36: 14457.674 | M36: 0 | N36: 0 | O36: 0 | P36: 0 | Q36: 0 | R36: 0 | S36: 6.9751942 | T36: 74.296897 | U36: 6246.2731 | V36: 1359.5893 | W36: 28819.423
A37: 83 | B37: 50.01806 | C37: 0 | D37: 0 | E37: 0 | F37: 0 | G37: 0 | H37: 0 | I37: 0.75230131 | J37: 824.85663 | K37: 70376.955 | L37: 13602.421 | M37: 0 | N37: 0 | O37: 0 | P37: 0 | Q37: 0 | R37: 0 | S37: 0.75230131 | T37: 824.85663 | U37: 70376.955 | V37: 13602.421 | W37: 29323.759
A38: Total | B38: - | C38: - | D38: - | E38: - | F38: - | G38: - | H38: - | I38: - | J38: - | K38: - | L38: - | M38: 28.07131 | N38: 80.53999 | O38: 43.75659 | P38: 86.178934 | Q38: 137.01724 | R38: 155.0918 | S38: 147.42955 | T38: 1002.6323 | U38: - | V38: 29323.759 | W38: -
W40: J. Perin, 2016
W41: (j.perin@ulg.ac.be)

Sheet Do3B
D1: Classe de productivité 3, plantation 2 x 2 m
A3: Caractéristiques : | E3: Essence : douglas | K3: Plantation : 2 x 2 (85% de reprise) | R3: Rotation : 6 ans
E4: Classe III (32 m à 50 ans) | K4: Cloisonnement : 1 ligne sur 11 | R4: Taux d'actualisation : 2 %
A5: Table de production
A6: Age | B6: Hdom | C6: Avant prélèvement | G6: Prélèvement | K6: Après prélèvement | O6: Accroissements | U6: h/d | V6: Ecl | W6: Dist
C7: Nha | D7: Cg | E7: Gha | F7: Vha | G7: Nha | H7: Cg | I7: Gha | J7: Vha | K7: Nha | L7: Cg | M7: Gha | N7: Vha | O7: ACC | P7: ACG | Q7: AMG | R7: ACV | S7: AMV | T7: PTV
A8: années | B8: m | C8: N/ha | D8: cm | E8: m²/ha | F8: m³/ha | G8: N/ha | H8: cm | I8: m²/ha | J8: m³/ha | K8: N/ha | L8: cm | M8: m²/ha | N8: m³/ha | O8: cm/ha/an | P8: m²/ha/an | Q8: m²/ha/an | R8: m³/ha/an | S8: m³/ha/an | T8: m³/ha | V8: % | W8: m
A9: 19 | B9: 13.081726 | C9: 2012.955 | D9: 42.059661 | E9: 28.337122 | F9: 148.43861 | G9: 800.115 | H9: 39.311657 | I9: 9.839777 | J9: 49.569408 | K9: 1212.84 | L9: 43.778197 | M9: 18.497345 | N9: 98.869206 | O9: 2.1148968 | P9: 2.0294571 | Q9: 1.4914275 | R9: 19.634481 | S9: 7.8125586 | T9: 148.43861 | U9: 93.876531 | V9: 39.748281 | W9: 3.0855524
A10: 25 | B10: 17.078585 | C10: 1208.88 | D10: 56.467578 | E10: 30.674087 | F10: 216.67609 | G10: 354.06 | H10: 48.521307 | I10: 6.6333359 | J10: 44.350224 | K10: 854.82 | L10: 59.448598 | M10: 24.040751 | N10: 172.32587 | O10: 2.0963274 | P10: 1.84575 | Q10: 1.6205546 | R10: 21.236897 | S10: 10.64982 | T10: 266.2455 | U10: 90.252689 | V10: 29.288267 | W10: 3.6753385
A11: 31 | B11: 20.918308 | C11: 850.59 | D11: 72.026562 | E11: 35.115251 | F11: 299.74725 | G11: 235.98 | H11: 61.618904 | I11: 7.1300615 | J11: 58.871954 | K11: 614.61 | L11: 75.643088 | M11: 27.98519 | N11: 240.8753 | O11: 2.1238244 | P11: 1.672137 | Q11: 1.6641408 | R11: 21.799171 | S11: 12.698932 | T11: 393.66688 | U11: 86.877471 | V11: 27.743096 | W11: 4.3344587
A12: 37 | B12: 24.522813 | C12: 611.55 | D12: 88.386034 | E12: 38.018012 | F12: 371.67033 | G12: 155.88 | H12: 76.12883 | I12: 7.1891715 | J12: 68.812232 | K12: 455.67 | L12: 92.205815 | M12: 30.828841 | N12: 302.85809 | O12: 2.1569109 | P12: 1.5184614 | Q12: 1.6654375 | R12: 21.787886 | S12: 14.174646 | T12: 524.46191 | U12: 83.552962 | V12: 25.48933 | W12: 5.0339566
A13: 43 | B13: 27.894936 | C13: 453.96 | D13: 105.14728 | E13: 39.939609 | F13: 433.58541 | G13: 107.55 | H13: 92.135209 | I13: 7.2652707 | J13: 78.030119 | K13: 346.41 | L13: 108.87123 | M13: 32.674338 | N13: 355.55529 | O13: 2.2111908 | P13: 1.3849619 | Q13: 1.6449292 | R13: 21.419795 | S13: 15.236959 | T13: 655.18923 | U13: 80.493742 | V13: 23.691515 | W13: 5.773504
A14: 49 | B14: 31.020073 | C14: 345.24 | D14: 122.13837 | E14: 40.98411 | F14: 484.07406 | G14: 72.36 | H14: 107.12592 | I14: 6.608119 | J14: 77.330689 | K14: 272.88 | L14: 125.81913 | M14: 34.375991 | N14: 406.74337 | O14: 2.2562628 | P14: 1.2760471 | Q14: 1.6130965 | R14: 21.029038 | S14: 15.994041 | T14: 783.70799 | U14: 77.454382 | V14: 20.959333 | W14: 6.5050229
A15: 55 | B15: 33.950079 | C15: 271.98 | D15: 139.35671 | E15: 42.032273 | F15: 532.9176 | G15: 50.76 | H15: 122.8177 | I15: 6.0930351 | J15: 76.794842 | K15: 221.22 | L15: 142.88189 | M15: 35.939238 | N15: 456.12275 | O15: 2.2784149 | P15: 1.1863886 | Q15: 1.5763274 | R15: 20.632425 | S15: 16.543313 | T15: 909.88222 | U15: 74.647195 | V15: 18.663137 | W15: 7.2247445
A16: 61 | B16: 36.681877 | C16: 220.77 | D16: 156.55237 | E16: 43.05757 | F16: 579.91731 | G16: 36 | H16: 141.23141 | I16: 5.7141972 | J16: 76.871023 | K16: 184.77 | L16: 159.36611 | M16: 37.343372 | N16: 503.04628 | O16: 2.2866318 | P16: 1.1070273 | Q16: 1.5379728 | R16: 20.179078 | S16: 16.945521 | T16: 1033.6768 | U16: 72.311181 | V16: 16.306563 | W16: 7.9053109
A17: 67 | B17: 39.230792 | C17: 184.5 | D17: 173.0859 | E17: 43.985536 | F17: 624.12075 | G17: 27.45 | H17: 156.19474 | I17: 5.3292399 | J17: 75.60294 | K17: 157.05 | L17: 175.87175 | M17: 38.656296 | N17: 548.51781 | O17: 2.2897402 | P17: 1.0415846 | Q17: 1.4993807 | R17: 19.783145 | S17: 17.235093 | T17: 1154.7512 | U17: 70.077865 | V17: 14.878049 | W17: 8.5746364
A18: 73 | B18: 41.625003 | C18: 156.96 | D18: 189.61019 | E18: 44.905803 | F18: 667.21668 | G18: 21.33 | H18: 172.12018 | I18: 5.0285707 | J18: 74.716154 | K18: 135.63 | L18: 192.21601 | M18: 39.877233 | N18: 592.50053 | O18: 2.2910877 | P18: 0.98461279 | Q18: 1.4617536 | R18: 19.406314 | S18: 17.444522 | T18: 1273.4501 | U18: 68.032213 | V18: 13.58945 | W18: 9.226921
A19: 79 | B19: 43.888305 | C19: 135.63 | D19: 205.96254 | E19: 45.784909 | F19: 708.93841 | G19: 17.01 | H19: 188.01277 | I19: 4.7848588 | J19: 74.256494 | K19: 118.62 | L19: 208.40982 | M19: 41.000051 | N19: 634.68192 | O19: 2.2973408 | P19: 0.93379428 | Q19: 1.425515 | R19: 19.035312 | S19: 17.593519 | T19: 1389.888 | U19: 66.157717 | V19: 12.541473 | W19: 9.866332
A20: 85 | B20: 46.021226 | C20: 118.62 | D20: 222.19386 | E20: 46.602816 | F20: 748.89379 | G20: 118.62 | H20: 222.19386 | I20: 46.602816 | J20: 748.89379 | K20: - | L20: - | M20: - | N20: - | O20: - | P20: - | Q20: 1.3908053 | R20: - | S20: 17.695293 | T20: 1504.0999 | U20: 65.06928 | V20: - | W20: -
A22: Distribution des volumes produits par classe de grosseur
A23: Age | B23: Hdom | C23: Classes de grosseur - Volume sur pied | K23: VMV | M23: Classes de grosseur - Volume prélevés | U23: VMP | W23: VMA totale
C24: 20-40 | D24: 40-60 | E24: 60-70 | F24: 70-90 | G24: 90-120 | H24: 120-150 | I24: 150-180 | J24: 180+ | K24: VMV | L24: VMA | M24: 20-40 | N24: 40-60 | O24: 60-70 | P24: 70-90 | Q24: 90-120 | R24: 120-150 | S24: 150-180 | T24: 180+ | U24: VMP | V24: VMA
A25: années | B25: m | C25: m³/ha | D25: m³/ha | E25: m³/ha | F25: m³/ha | G25: m³/ha | H25: m³/ha | I25: m³/ha | J25: m³/ha | K25: € /ha | L25: € /ha | M25: m³/ha | N25: m³/ha | O25: m³/ha | P25: m³/ha | Q25: m³/ha | R25: m³/ha | S25: m³/ha | T25: m³/ha | U25: € /ha | V25: € /ha | W25: € /ha
A26: 19 | B26: 13.081726 | C26: 41.630486 | D26: 87.417793 | E26: 19.077661 | F26: 0 | G26: 0 | H26: 0 | I26: 0 | J26: 0 | K26: 1864.1558 | L26: 1279.6139 | M26: 19.07848 | N26: 24.854967 | O26: 5.3232874 | P26: 0 | Q26: 0 | R26: 0 | S26: 0 | T26: 0 | U26: 513.42597 | V26: 352.43138 | W26: 1279.6139
A27: 25 | B27: 17.078585 | C27: 11.547049 | D27: 82.631684 | E27: 55.585816 | F27: 66.672174 | G27: 0 | H27: 0 | I27: 0 | J27: 0 | K27: 5280.2231 | L27: 3218.459 | M27: 6.5618401 | N27: 21.462541 | O27: 7.4234353 | P27: 8.6630402 | Q27: 0 | R27: 0 | S27: 0 | T27: 0 | U27: 782.25099 | V27: 476.80613 | W27: 3570.8904
A28: 31 | B28: 20.918308 | C28: 2.9851672 | D28: 37.8539 | E28: 51.22965 | F28: 130.69309 | G28: 76.593871 | H28: 0 | I28: 0 | J28: 0 | K28: 11177.144 | L28: 6049.5839 | M28: 2.1603196 | N28: 17.348028 | O28: 12.318741 | P28: 16.713624 | Q28: 9.9396713 | R28: 0 | S28: 0 | T28: 0 | U28: 1595.0449 | V28: 863.31161 | W28: 6878.8214
A29: 37 | B29: 24.522813 | C29: 0.41794446 | D29: 12.584023 | E29: 22.091752 | F29: 117.97532 | G29: 189.49068 | H29: 28.661461 | I29: 0 | J29: 0 | K29: 17374.205 | L29: 8350.233 | M29: 0.35619379 | N29: 7.8969848 | O29: 8.8084813 | P29: 26.048543 | Q29: 22.61458 | R29: 2.638309 | S29: 0 | T29: 0 | U29: 2504.0471 | V29: 1203.4724 | W29: 10042.782
A30: 43 | B30: 27.894936 | C30: 0 | D30: 3.2351593 | E30: 6.1196782 | F30: 54.700969 | G30: 225.16725 | H30: 143.73365 | I30: 0 | J30: 0 | K30: 23701.991 | L30: 10115.269 | M30: 0 | N30: 2.5954329 | O30: 3.8182608 | P30: 21.74492 | Q30: 31.562383 | R30: 17.680426 | S30: 0 | T30: 0 | U30: 3492.5293 | V30: 1490.5024 | W30: 13011.291
A31: 49 | B31: 31.020073 | C31: 0 | D31: 0.28880345 | E31: 1.3066886 | F31: 18.608988 | G31: 164.04183 | H31: 233.40375 | I31: 65.903576 | J31: 0 | K31: 29854.182 | L31: 11313.494 | M31: 0 | N31: 0.26285173 | O31: 1.0459604 | P31: 9.9292395 | Q31: 39.200189 | R31: 21.622485 | S31: 4.7495345 | T31: 0 | U31: 3890.8603 | V31: 1474.4743 | W31: 15700.018
A32: 55 | B32: 33.950079 | C32: 0 | D32: 0 | E32: 0 | F32: 3.2279919 | G32: 68.269615 | H32: 258.05237 | I32: 198.12748 | J32: 4.6772153 | K32: 36386.247 | L32: 12244.127 | M32: 0 | N32: 0 | O32: 0 | P32: 2.4229046 | Q32: 27.703353 | R32: 30.382233 | S32: 15.412623 | T32: 0.31080848 | U32: 4332.6734 | V32: 1457.963 | W32: 18105.125
A33: 61 | B33: 36.681877 | C33: 0 | D33: 0 | E33: 0 | F33: 0 | G33: 18.040967 | H33: 181.5338 | I33: 275.4051 | J33: 104.3045 | K33: 43022.023 | L33: 12855.245 | M33: 0 | N33: 0 | O33: 0 | P33: 0 | Q33: 9.2553703 | R33: 39.696966 | S33: 18.98511 | T33: 8.300641 | U33: 4793.7055 | V33: 1432.3886 | W33: 20174.206
A34: 67 | B34: 39.230792 | C34: 0 | D34: 0 | E34: 0 | F34: 0 | G34: 2.9989027 | H34: 72.245887 | I34: 289.87073 | J34: 258.38175 | K34: 49272.011 | L34: 13073.407 | M34: 0 | N34: 0 | O34: 0 | P34: 0 | Q34: 2.0767302 | R34: 27.612249 | S34: 30.141715 | T34: 15.148764 | U34: 5039.3288 | V34: 1337.0917 | W34: 21824.757
A35: 73 | B35: 41.625003 | C35: 0 | D35: 0 | E35: 0 | F35: 0 | G35: 0 | H35: 18.423077 | I35: 197.11384 | J35: 451.11996 | K35: 54851.666 | L35: 12923.415 | M35: 0 | N35: 0 | O35: 0 | P35: 0 | Q35: 0 | R35: 8.8009326 | S35: 39.402697 | T35: 25.952723 | U35: 5297.5808 | V35: 1248.145 | W35: 23011.856
A36: 79 | B36: 43.888305 | C36: 0 | D36: 0 | E36: 0 | F36: 0 | G36: 0 | H36: 1.5610111 | I36: 72.750979 | J36: 633.97798 | K36: 59751.475 | L36: 12500.721 | M36: 0 | N36: 0 | O36: 0 | P36: 0 | Q36: 0 | R36: 0.89292387 | S36: 28.452246 | T36: 44.262887 | U36: 5475.6064 | V36: 1145.5621 | W36: 23837.308
A37: 85 | B37: 46.021226 | C37: 0 | D37: 0 | E37: 0 | F37: 0 | G37: 0 | H37: 0.24525106 | I37: 14.788154 | J37: 733.86038 | K37: 63716.472 | L37: 11836.877 | M37: 0 | N37: 0 | O37: 0 | P37: 0 | Q37: 0 | R37: 0.24525106 | S37: 14.788154 | T37: 733.86038 | U37: 63716.472 | V37: 11836.877 | W37: 24319.025
A38: Total | B38: - | C38: - | D38: - | E38: - | F38: - | G38: - | H38: - | I38: - | J38: - | K38: - | L38: - | M38: 28.156834 | N38: 74.420804 | O38: 38.738166 | P38: 85.522271 | Q38: 142.35228 | R38: 149.57178 | S38: 151.93208 | T38: 827.8362 | U38: - | V38: 24319.025 | W38: -
W40: J. Perin, 2016
W41: (j.perin@ulg.ac.be)

Sheet Do4B
D1: Classe de productivité 4, plantation 2 x 2 m
A3: Caractéristiques : | E3: Essence : douglas | K3: Plantation : 2 x 2 (85% de reprise) | R3: Rotation : 6 ans
E4: Classe IV (28 m à 50 ans) | K4: Cloisonnement : 1 ligne sur 11 | R4: Taux d'actualisation : 2 %
A5: Table de production
A6: Age | B6: Hdom | C6: Avant prélèvement | G6: Prélèvement | K6: Après prélèvement | O6: Accroissements | U6: h/d | V6: Ecl | W6: Dist
C7: Nha | D7: Cg | E7: Gha | F7: Vha | G7: Nha | H7: Cg | I7: Gha | J7: Vha | K7: Nha | L7: Cg | M7: Gha | N7: Vha | O7: ACC | P7: ACG | Q7: AMG | R7: ACV | S7: AMV | T7: PTV
A8: années | B8: m | C8: N/ha | D8: cm | E8: m²/ha | F8: m³/ha | G8: N/ha | H8: cm | I8: m²/ha | J8: m³/ha | K8: N/ha | L8: cm | M8: m²/ha | N8: m³/ha | O8: cm/ha/an | P8: m²/ha/an | Q8: m²/ha/an | R8: m³/ha/an | S8: m³/ha/an | T8: m³/ha | V8: % | W8: m
A9: 23 | B9: 13.483333 | C9: 2011.15 | D9: 42.945045 | E9: 29.516219 | F9: 159.49565 | G9: 799.39 | H9: 40.011089 | I9: 10.183793 | J9: 52.91575 | K9: 1211.76 | L9: 44.775433 | M9: 19.332425 | N9: 106.5799 | O9: 1.8122225 | P9: 1.7416098 | Q9: 1.2833139 | R9: 16.898455 | S9: 6.9345933 | T9: 159.49565 | U9: 94.603528 | V9: 39.747905 | W9: 3.0869271
A10: 29 | B10: 16.904386 | C10: 1208.52 | D10: 55.648768 | E10: 29.782084 | F10: 207.97063 | G10: 327.42 | H10: 47.569005 | I10: 5.89581 | J10: 38.833616 | K10: 881.1 | L10: 58.366888 | M10: 23.886274 | N10: 169.13701 | O10: 1.8166875 | P10: 1.602871 | Q10: 1.3781337 | R10: 18.053614 | S10: 8.9960819 | T10: 260.88638 | U10: 90.987711 | V10: 27.092642 | W10: 3.6201126
A11: 35 | B11: 20.200517 | C11: 877.5 | D11: 69.267013 | E11: 33.5035 | F11: 277.45869 | G11: 215.1 | H11: 58.996596 | I11: 5.9577799 | J11: 47.487272 | K11: 662.4 | L11: 72.288937 | M11: 27.54572 | N11: 229.97142 | O11: 1.8277766 | P11: 1.4754422 | Q11: 1.4166601 | R11: 18.601104 | S11: 10.548802 | T11: 369.20806 | U11: 87.789086 | V11: 24.512821 | W11: 4.1751735
A12: 41 | B12: 23.324076 | C12: 659.88 | D12: 83.255597 | E12: 36.398373 | F12: 341.57804 | G12: 156.87 | H12: 70.486859 | I12: 6.2022084 | J12: 56.536979 | K12: 503.01 | L12: 86.854539 | M12: 30.196165 | N12: 285.04107 | O12: 1.8710688 | P12: 1.3609721 | Q12: 1.4252624 | R12: 18.740785 | S12: 11.727187 | T12: 480.81468 | U12: 84.364903 | V12: 23.772504 | W12: 4.7912229
A13: 47 | B13: 26.271542 | C13: 501.12 | D13: 98.080951 | E13: 38.361997 | F13: 397.48577 | G13: 112.41 | H13: 85.067506 | I13: 6.4732516 | J13: 65.985874 | K13: 388.71 | L13: 101.53384 | M13: 31.888746 | N13: 331.4999 | O13: 1.9204351 | P13: 1.2549173 | Q13: 1.4170551 | R13: 18.536289 | S13: 12.62254 | T13: 593.25939 | U13: 81.287663 | V13: 22.431753 | W13: 5.4503178
A14: 53 | B14: 29.035376 | C14: 387.54 | D14: 113.05645 | E14: 39.418249 | F14: 442.71763 | G14: 77.85 | H14: 98.005829 | I14: 5.9504878 | J14: 65.956397 | K14: 309.69 | L14: 116.53454 | M14: 33.467762 | N14: 376.76124 | O14: 1.9627534 | P14: 1.1646851 | Q14: 1.3986999 | R14: 18.2776 | S14: 13.292021 | T14: 704.47713 | U14: 78.274924 | V14: 20.088249 | W14: 6.106201
A15: 59 | B15: 31.639657 | C15: 308.79 | D15: 128.31106 | E15: 40.455872 | F15: 486.42684 | G15: 55.8 | H15: 111.55151 | I15: 5.5255467 | J15: 65.763538 | K15: 252.99 | L15: 131.72086 | M15: 34.930325 | N15: 420.6633 | O15: 1.9962019 | P15: 1.0920687 | Q15: 1.3749017 | R15: 18.049506 | S15: 13.799029 | T15: 814.14273 | U15: 75.461785 | V15: 18.070533 | W15: 6.7558968
A16: 65 | B16: 34.096353 | C16: 252.45 | D16: 143.69807 | E16: 41.482738 | F16: 528.96034 | G16: 40.95 | H16: 126.27505 | I16: 5.1961194 | J16: 65.744127 | K16: 211.5 | L16: 146.83277 | M16: 36.286618 | N16: 463.21621 | O16: 2.0172619 | P16: 1.02608 | Q16: 1.3487941 | R16: 17.766348 | S16: 14.191381 | T16: 922.43976 | U16: 72.951598 | V16: 16.221034 | W16: 7.3888951
A17: 71 | B17: 36.425288 | C17: 211.14 | D17: 158.93634 | E17: 42.443098 | F17: 569.8143 | G17: 30.51 | H17: 142.38603 | I17: 4.9222893 | J17: 65.974252 | K17: 180.63 | L17: 161.56455 | M17: 37.520809 | N17: 503.84005 | O17: 2.0233131 | P17: 0.97146991 | Q17: 1.3215225 | R17: 17.513603 | S17: 14.493491 | T17: 1029.0379 | U17: 70.828294 | V17: 14.450128 | W17: 7.9953917
A18: 77 | B18: 38.613556 | C18: 180.54 | D18: 173.70443 | E18: 43.349629 | F18: 608.92166 | G18: 23.76 | H18: 157.39754 | I18: 4.684168 | J18: 65.836274 | K18: 156.78 | L18: 176.04399 | M18: 38.665461 | N18: 543.08539 | O18: 2.0296598 | P18: 0.92240701 | Q18: 1.2942457 | R18: 17.25299 | S18: 14.728824 | T18: 1134.1195 | U18: 68.907814 | V18: 13.160518 | W18: 8.5820167
A19: 83 | B19: 40.692147 | C19: 156.78 | D19: 188.22195 | E19: 44.199903 | F19: 646.60333 | G19: 19.17 | H19: 170.73056 | I19: 4.4466688 | J19: 65.029435 | K19: 137.61 | L19: 190.53123 | M19: 39.753234 | N19: 581.57389 | O19: 2.0391404 | P19: 0.87822991 | Q19: 1.2673657 | R19: 17.000373 | S19: 14.911294 | T19: 1237.6374 | U19: 67.095642 | V19: 12.227325 | W19: 9.1602998
A20: 89 | B20: 42.687251 | C20: 137.61 | D20: 202.76607 | E20: 45.022613 | F20: 683.57613 | G20: 137.61 | H20: 202.76607 | I20: 45.022613 | J20: 683.57613 | K20: - | L20: - | M20: - | N20: - | O20: - | P20: - | Q20: 1.2411319 | R20: - | S20: 15.052131 | T20: 1339.6396 | U20: 66.138261 | V20: - | W20: -
A22: Distribution des volumes produits par classe de grosseur
A23: Age | B23: Hdom | C23: Classes de grosseur - Volume sur pied | K23: VMV | M23: Classes de grosseur - Volume prélevés | U23: VMP | W23: VMA totale
C24: 20-40 | D24: 40-60 | E24: 60-70 | F24: 70-90 | G24: 90-120 | H24: 120-150 | I24: 150-180 | J24: 180+ | K24: VMV | L24: VMA | M24: 20-40 | N24: 40-60 | O24: 60-70 | P24: 70-90 | Q24: 90-120 | R24: 120-150 | S24: 150-180 | T24: 180+ | U24: VMP | V24: VMA
A25: années | B25: m | C25: m³/ha | D25: m³/ha | E25: m³/ha | F25: m³/ha | G25: m³/ha | H25: m³/ha | I25: m³/ha | J25: m³/ha | K25: € /ha | L25: € /ha | M25: m³/ha | N25: m³/ha | O25: m³/ha | P25: m³/ha | Q25: m³/ha | R25: m³/ha | S25: m³/ha | T25: m³/ha | U25: € /ha | V25: € /ha | W25: € /ha
A26: 23 | B26: 13.483333 | C26: 40.995658 | D26: 92.812529 | E26: 24.604213 | F26: 0.75846844 | G26: 0 | H26: 0 | I26: 0 | J26: 0 | K26: 2101.9907 | L26: 1332.9898 | M26: 19.417338 | N26: 26.286714 | O26: 6.7128954 | P26: 0.17402545 | Q26: 0 | R26: 0 | S26: 0 | T26: 0 | U26: 570.09336 | V26: 361.52808 | W26: 1332.9898
A27: 29 | B27: 16.904386 | C27: 12.239953 | D27: 84.319786 | E27: 52.583546 | F27: 58.596833 | G27: 0 | H27: 0 | I27: 0 | J27: 0 | K27: 4898.903 | L27: 2758.6326 | M27: 6.6531508 | N27: 18.742241 | O27: 5.8097502 | P27: 7.3979639 | Q27: 0 | R27: 0 | S27: 0 | T27: 0 | U27: 666.31567 | V27: 375.21056 | W27: 3120.1607
A28: 35 | B28: 20.200517 | C28: 3.3623617 | D28: 44.261903 | E28: 56.641076 | F28: 118.72162 | G28: 54.179696 | H28: 0 | I28: 0 | J28: 0 | K28: 9732.7729 | L28: 4866.6552 | M28: 2.1212303 | N28: 16.301543 | O28: 9.9627949 | P28: 12.918492 | Q28: 5.8911806 | R28: 0 | S28: 0 | T28: 0 | U28: 1194.6621 | V28: 597.36403 | W28: 5603.3938
A29: 41 | B29: 23.324076 | C29: 0.69367464 | D29: 16.877097 | E29: 30.751188 | F29: 130.22518 | G29: 157.02661 | H29: 5.677801 | I29: 0 | J29: 0 | K29: 14938.849 | L29: 6633.0014 | M29: 0.54963104 | N29: 9.0396226 | O29: 11.352631 | P29: 20.267988 | Q29: 14.784845 | R29: 0.21576766 | S29: 0 | T29: 0 | U29: 1841.9336 | V29: 817.83731 | W29: 7967.104
A30: 47 | B30: 26.271542 | C30: 0.054093021 | D30: 5.1843829 | E30: 11.068092 | F30: 80.876499 | G30: 216.02622 | H30: 83.845352 | I30: 0 | J30: 0 | K30: 20499.986 | L30: 8082.4958 | M30: 0.054093021 | N30: 3.6905325 | O30: 5.608987 | P30: 22.562358 | Q30: 26.50134 | R30: 7.137434 | S30: 0 | T30: 0 | U30: 2703.9072 | V30: 1066.0651 | W30: 10234.436
A31: 53 | B31: 29.035376 | C31: 0 | D31: 0.51943387 | E31: 2.9624955 | F31: 32.726773 | G31: 204.92991 | H31: 186.99327 | I31: 14.155956 | J31: 0 | K31: 25569.31 | L31: 8951.7904 | M31: 0 | N31: 0.51943387 | O31: 1.8855513 | P31: 15.195639 | Q31: 32.551836 | R31: 14.588245 | S31: 0.78589449 | T31: 0 | U31: 3095.0141 | V31: 1083.5614 | W31: 12169.795
A32: 59 | B32: 31.639657 | C32: 0 | D32: 0 | E32: 0.33160758 | F32: 9.3019664 | G32: 127.97017 | H32: 245.30872 | I32: 103.08405 | J32: 0 | K32: 31206.202 | L32: 9701.319 | M32: 0 | N32: 0 | O32: 0.22083343 | P32: 5.8845944 | Q32: 35.657363 | R32: 16.38486 | S32: 7.1855634 | T32: 0 | U32: 3405.4468 | V32: 1058.6782 | W32: 14002.885
A33: 65 | B33: 34.096353 | C33: 0 | D33: 0 | E33: 0 | F33: 1.2518859 | G33: 49.236348 | H33: 246.03647 | I33: 213.08707 | J33: 18.969953 | K33: 36887.539 | L33: 10182.831 | M33: 0 | N33: 0 | O33: 0 | P33: 1.1183435 | Q33: 20.879174 | R33: 30.062426 | S33: 12.673048 | T33: 0.63252204 | U33: 3773.578 | V33: 1041.6988 | W33: 15543.075
A34: 71 | B34: 36.425288 | C34: 0 | D34: 0 | E34: 0 | F34: 0 | G34: 13.102526 | H34: 165.41698 | I34: 270.96201 | J34: 119.77915 | K34: 42677.375 | L34: 10461.296 | M34: 0 | N34: 0 | O34: 0 | P34: 0 | Q34: 8.3659531 | R34: 33.107528 | S34: 17.30131 | T34: 6.645833 | U34: 4109.9782 | V34: 1007.4589 | W34: 16863.24
A35: 77 | B35: 38.613556 | C35: 0 | D35: 0 | E35: 0 | F35: 0 | G35: 1.3232136 | H35: 65.045259 | I35: 292.04136 | J35: 249.93155 | K35: 48155.974 | L35: 10481.826 | M35: 0 | N35: 0 | O35: 0 | P35: 0 | Q35: 1.1833998 | R35: 23.858357 | S35: 26.067424 | T35: 14.146813 | U35: 4408.8106 | V35: 959.63973 | W35: 17891.228
A36: 83 | B36: 40.692147 | C36: 0 | D36: 0 | E36: 0 | F36: 0 | G36: 0 | H36: 16.380776 | I36: 213.45657 | J36: 416.28171 | K36: 53005.303 | L36: 10244.837 | M36: 0 | N36: 0 | O36: 0 | P36: 0 | Q36: 0 | R36: 9.1698589 | S36: 35.286375 | T36: 20.088931 | U36: 4577.13 | V36: 884.66529 | W36: 18613.879
A37: 89 | B37: 42.687251 | C37: 0 | D37: 0 | E37: 0 | F37: 0 | G37: 0 | H37: 2.0534794 | I37: 92.682517 | J37: 588.84013 | K37: 57470.705 | L37: 9863.5042 | M37: 0 | N37: 0 | O37: 0 | P37: 0 | Q37: 0 | R37: 2.0534794 | S37: 92.682517 | T37: 588.84013 | U37: 57470.705 | V37: 9863.5042 | W37: 19117.212
A38: Total | B38: - | C38: - | D38: - | E38: - | F38: - | G38: - | H38: - | I38: - | J38: - | K38: - | L38: - | M38: 28.795443 | N38: 74.580087 | O38: 41.553443 | P38: 85.519404 | Q38: 145.81509 | R38: 136.57796 | S38: 191.98213 | T38: 630.35423 | U38: - | V38: 19117.212 | W38: -
W40: J. Perin, 2016
W41: (j.perin@ulg.ac.be)
